Date,Floor Number,Units Consumed (kWh),Time of Day,Weather,Temperature (C),Occupancy,HVAC Status,Lighting Status,Appliance Load (kW),Renewable Energy Contribution (kW)
2024-09-22,7,52,11:00,Sunny,26,4,Off,Off,4.399613974107632,26.179342532827864
2024-10-07,6,197,17:30,Sunny,29,3,Off,Off,2.570556710979072,12.148311181697219
2024-10-03,6,50,17:30,Sunny,26,3,Off,On,1.6324670861923674,36.12904971575383
2024-10-07,7,219,8:30,Sunny,29,2,On,On,4.5510268823686335,17.503025916464154
2024-09-22,7,251,4:30,Sunny,34,4,Off,On,2.829239278500533,19.169097856145477
2024-09-30,1,145,3:30,Rainy,17,2,Off,On,3.949717308329341,5.415857552362585
2024-10-15,1,66,23:00,Sunny,29,5,Off,On,3.870197962841471,27.213148576979467
2024-10-09,2,166,23:30,Sunny,31,4,On,Off,0.9525763440921499,44.594101087752826
2024-10-09,2,287,6:00,Sunny,26,4,Off,On,4.4581624980819665,4.335643746021589
2024-09-18,7,181,18:00,Sunny,34,3,On,On,0.5633909863843813,33.413151446805045
2024-10-13,9,169,6:00,Sunny,34,2,On,On,4.060157987749437,44.31731946590314
2024-09-26,6,104,4:00,Cloudy,25,5,On,Off,3.4708991865307723,36.45800940798952
2024-09-28,8,77,15:00,Cloudy,23,4,On,Off,2.667672318326627,10.334224291089189
2024-09-21,5,107,17:30,Cloudy,20,3,Off,Off,4.361565654927467,15.609003547626072
2024-10-12,1,223,20:30,Cloudy,25,1,On,Off,4.9775411332529345,16.012926630768543
2024-10-04,8,228,2:30,Sunny,26,2,On,Off,2.771246584574481,37.16317717937254
2024-09-20,4,195,18:00,Sunny,25,2,Off,On,4.305011985456217,11.71644363493048
2024-10-06,1,120,19:00,Sunny,32,4,On,Off,2.578358357438777,37.219589714858365
2024-09-23,3,163,18:30,Sunny,29,5,On,On,4.794889109991603,1.750459961447448
2024-09-26,6,84,16:30,Cloudy,25,1,On,On,2.7791252284004724,10.767553387173523
2024-09-21,7,195,17:30,Cloudy,22,1,Off,Off,4.273712357732444,43.01018828287869
2024-09-23,8,118,8:30,Rainy,20,3,Off,Off,2.3762094808424656,0.3601517815885691
2024-09-28,4,73,5:00,Rainy,19,4,On,On,3.1286819024900074,1.9760917889596552
2024-10-05,8,215,1:00,Sunny,33,4,On,On,2.408804958548731,26.82081479327345
2024-09-25,1,98,15:00,Cloudy,24,4,On,Off,2.0088026330779036,28.66193374226275
2024-09-26,7,273,6:30,Rainy,23,4,On,Off,3.8392871683292635,11.686881413870859
2024-09-25,10,170,18:30,Cloudy,25,2,On,Off,4.931853865442115,33.76068980963032
2024-09-25,6,108,18:00,Cloudy,21,3,Off,On,1.0901038816277377,45.98927836723634
2024-09-23,8,55,0:00,Sunny,31,5,On,Off,0.6768065436560178,0.800280416714666
2024-09-19,2,105,14:30,Rainy,17,2,On,Off,1.7296112917797166,16.9002297153441
2024-10-06,7,299,0:30,Cloudy,28,2,Off,Off,4.502001031394316,46.430323983125156
2024-09-23,2,244,13:00,Cloudy,29,1,Off,Off,0.5814807650713455,45.69868459133944
2024-10-06,5,148,12:00,Cloudy,29,2,Off,Off,2.1823385319672264,18.46130519669161
2024-09-30,9,145,23:00,Sunny,29,3,Off,Off,3.6317512381776487,14.32663311705325
2024-09-25,5,175,0:30,Cloudy,24,3,Off,On,0.5623886793657595,17.216555402231243
2024-10-17,3,100,13:00,Cloudy,24,4,Off,Off,2.537514437521753,17.23475413469008
2024-09-23,1,147,6:00,Sunny,34,5,On,Off,1.5024573665291552,44.03860279869256
2024-10-04,1,169,1:00,Cloudy,29,1,Off,Off,2.1594952607234212,35.34548969669499
2024-10-04,3,292,23:30,Sunny,32,3,Off,On,0.9435213503672095,10.282619353717914
2024-10-17,4,180,8:00,Sunny,34,4,On,On,4.964019200111312,3.5486374893768047
2024-10-14,1,265,2:30,Sunny,29,3,Off,On,3.3231954721020807,43.63239385595593
2024-10-02,1,156,5:30,Sunny,26,3,On,Off,3.970179167323917,23.36742913544706
2024-09-21,2,184,7:30,Cloudy,23,4,On,On,2.8464432158784625,29.89621500110719
2024-10-02,7,109,5:00,Rainy,20,4,Off,On,2.5511664375729004,35.50636440777908
2024-09-30,5,107,4:00,Rainy,21,4,Off,On,0.8156446540653302,4.948519276622804
2024-10-17,8,142,22:30,Sunny,30,1,On,Off,4.174824112657797,12.527893659137334
2024-09-21,8,293,10:00,Sunny,33,1,On,On,4.311906678880906,14.107197569998148
2024-10-09,3,270,14:30,Cloudy,21,5,On,Off,2.8882605216411505,37.87081496646289
2024-09-19,4,223,5:30,Rainy,24,1,On,Off,1.8915167470639644,48.791083307054315
2024-09-29,7,275,8:00,Cloudy,20,3,Off,On,0.6396630459483282,25.162884581863683
2024-09-30,2,278,21:30,Rainy,24,4,On,On,3.448562065312854,13.720858475673097
2024-09-18,10,143,7:00,Cloudy,20,4,On,On,2.824273435667474,0.3646477959106553
2024-09-28,5,89,10:30,Rainy,15,1,On,On,4.0014746772344,28.670697346518658
2024-09-26,4,163,15:30,Sunny,29,4,Off,On,3.8567169554983445,15.125282082352848
2024-10-03,7,79,17:30,Rainy,22,4,Off,On,2.2591295565654206,46.03116921074456
2024-10-03,1,55,6:30,Rainy,18,5,On,Off,3.2071734299418826,0.04715227348173201
2024-10-13,2,259,13:00,Rainy,15,5,On,Off,1.870017247125178,18.604419626908513
2024-09-29,1,183,1:00,Rainy,22,4,Off,On,3.114105741092851,36.44655290070455
2024-09-28,1,178,1:30,Rainy,22,1,Off,Off,2.966416861826037,23.56100034667024
2024-10-10,5,89,6:30,Sunny,29,3,On,On,2.0495088995313644,10.020916525553808
2024-09-19,4,147,8:00,Rainy,23,1,On,Off,0.8970107655973645,17.045226473307235
2024-10-09,8,110,19:00,Sunny,25,3,Off,Off,2.380644229124038,40.39757447289417
2024-09-22,2,72,16:00,Rainy,19,3,Off,Off,1.4592550930030357,35.16420980287463
2024-09-26,1,82,2:00,Rainy,22,2,On,Off,3.9781458176783517,29.39836019549839
2024-10-10,10,57,11:30,Rainy,21,2,On,Off,1.7996754794024215,45.96218205023814
2024-10-12,9,155,5:30,Rainy,21,1,On,Off,2.682996787308542,40.854922492700865
2024-09-23,7,75,13:00,Sunny,27,5,Off,Off,0.7927582540266785,3.075077843130142
2024-10-08,8,110,10:00,Cloudy,26,2,Off,On,1.1639920410845448,17.511840969934994
2024-10-10,7,86,15:30,Sunny,34,3,On,On,3.801383907990804,33.2749104682323
2024-10-16,7,291,15:30,Sunny,33,5,Off,Off,3.6643484022071973,23.034694270736995
2024-10-13,4,80,13:30,Cloudy,27,2,On,On,3.062939446358436,25.860643545134614
2024-10-14,4,293,4:00,Rainy,24,5,On,On,4.471786554995228,35.348914539589686
2024-09-19,5,231,17:00,Sunny,35,1,Off,On,3.064548177726544,31.0755454190054
2024-09-30,7,98,6:30,Cloudy,20,5,Off,On,4.759601023502534,23.135985710645436
2024-10-09,8,71,10:30,Cloudy,28,4,Off,Off,1.0476688076889933,21.410337207122137
2024-10-06,2,280,19:30,Rainy,22,2,Off,On,2.1215964362895696,29.66697934647985
2024-10-11,4,189,3:30,Rainy,19,4,On,On,4.14013589181854,31.731835106884134
2024-10-08,9,163,1:30,Rainy,18,4,On,Off,4.134905805063502,49.38014411713381
2024-09-21,3,217,12:30,Rainy,21,4,On,On,1.1061893102841815,6.675515485103922
2024-09-18,4,68,3:00,Rainy,19,1,Off,On,2.227860300545398,25.22441324326983
2024-10-17,5,88,23:30,Rainy,21,2,Off,On,2.302609726288363,20.661660973381114
2024-09-23,5,254,5:30,Rainy,18,3,On,Off,4.616440630015615,20.61680267091324
2024-10-10,10,221,3:30,Rainy,24,4,Off,On,0.950427323086424,21.493763009584764
2024-09-28,5,55,2:30,Cloudy,25,3,On,Off,4.706079857576474,36.66124972367349
2024-10-14,6,193,8:00,Sunny,28,3,On,Off,4.804580751606135,5.984194922709662
2024-09-26,10,84,15:30,Rainy,22,3,Off,On,4.379848008647656,39.08018246501092
2024-09-22,3,56,19:00,Sunny,28,3,On,Off,3.757860178276038,10.140194945937985
2024-10-01,3,53,22:00,Rainy,15,2,Off,On,1.0120163337850798,8.49778913330923
2024-09-30,10,112,11:30,Sunny,33,3,Off,On,2.4535011881445103,19.537276788306713
2024-09-24,2,274,11:00,Sunny,29,5,On,Off,3.87448410426572,8.495097356981868
2024-10-16,6,154,18:00,Rainy,15,1,Off,Off,2.023075054862327,27.01329905252826
2024-09-28,3,132,18:30,Cloudy,27,4,Off,Off,1.690457419373751,45.80555880421515
2024-09-22,8,231,15:30,Cloudy,29,4,On,On,2.2757432285642074,30.792995660088103
2024-10-01,8,189,5:30,Rainy,24,1,Off,On,1.9805503948102756,4.521645203919345
2024-09-28,9,195,16:30,Cloudy,25,4,Off,On,2.023502349584411,38.88386719372353
2024-10-01,1,68,1:30,Sunny,31,1,Off,Off,0.5079101162763594,3.545003188867973
2024-09-25,8,86,6:00,Rainy,17,5,Off,On,2.2211453385491664,41.85216424439264
2024-10-08,8,93,20:00,Rainy,18,5,On,On,3.0343449741908475,48.21511982813562
2024-10-06,1,242,14:00,Rainy,20,2,Off,On,1.563552990104129,45.5490509936478
2024-10-12,5,97,10:30,Sunny,26,2,Off,On,3.130821811832604,39.31034825340949
2024-09-30,5,55,21:30,Sunny,27,3,Off,Off,2.549002255205975,9.047890669460573
2024-09-23,10,56,6:00,Rainy,19,3,Off,On,3.1654104303196435,8.154695664417105
2024-09-23,10,138,10:00,Rainy,16,2,Off,Off,2.0584919705967724,16.59065589861683
2024-09-19,1,240,9:00,Sunny,34,5,Off,On,0.6542259626792171,17.803843032904442
2024-10-08,7,89,19:30,Sunny,26,5,On,Off,1.4062992191733048,23.712588378052274
2024-09-24,2,67,19:30,Rainy,19,5,Off,Off,2.987725287739278,32.70392093584026
2024-09-19,10,159,7:00,Sunny,27,1,On,Off,4.916443957181462,31.44373961122891
2024-10-06,4,191,18:30,Rainy,23,1,Off,Off,4.189772416888693,19.46326279446704
2024-10-10,10,298,21:00,Cloudy,23,5,On,On,2.15449738816144,47.42997376536151
2024-09-24,8,129,11:30,Cloudy,24,4,On,On,4.469551847341871,49.85331964054262
2024-10-03,4,175,10:30,Sunny,25,4,On,On,0.7621103790144693,48.74164910686215
2024-09-30,4,248,7:30,Sunny,34,5,On,Off,0.8054024809066229,5.50228454580946
2024-10-14,7,296,2:30,Sunny,26,5,Off,On,3.979549739848898,31.546314617697757
2024-09-29,4,98,18:00,Sunny,29,5,Off,Off,0.6171235688911615,0.03433324328581122
2024-10-15,5,234,1:00,Rainy,16,2,Off,On,4.052870979958998,42.75074678031306
2024-09-23,8,172,16:00,Rainy,19,3,On,Off,3.12838338355504,34.602390052858176
2024-10-15,2,175,16:00,Cloudy,21,1,Off,Off,4.093628594773701,48.173461150788896
2024-09-29,2,99,5:30,Cloudy,27,4,Off,Off,4.736826163457239,15.494096325422385
2024-09-18,9,131,16:00,Sunny,26,4,On,On,2.6802428736292447,29.9175541641681
2024-09-30,4,196,9:00,Rainy,18,1,On,On,2.818354628247904,15.339656325935602
2024-10-02,3,118,15:30,Rainy,19,5,On,Off,3.9545371839883696,1.9275133899303742
2024-10-05,4,115,6:00,Cloudy,20,3,Off,Off,3.7035071707273497,44.733880548485686
2024-09-23,9,85,14:00,Sunny,27,1,Off,Off,1.2372048141455596,20.16548870412284
2024-10-15,5,191,18:00,Sunny,35,3,Off,On,2.619855584514717,15.511497800403573
2024-09-23,7,116,19:00,Sunny,34,5,Off,On,4.900038002582926,21.17862849235387
2024-09-18,9,248,14:30,Rainy,20,1,Off,On,1.8875487221839764,43.08436004677141
2024-09-27,2,76,17:30,Rainy,21,4,On,On,4.5929689194047105,19.554319910427655
2024-10-17,10,209,12:30,Rainy,17,2,Off,Off,1.5053473494381575,5.443085795338903
2024-10-03,9,111,19:00,Sunny,33,4,Off,On,1.552416115677618,28.055459974343318
2024-10-07,9,288,16:00,Sunny,33,5,Off,On,1.0519288395184454,38.37200359743674
2024-10-05,7,264,16:00,Sunny,29,5,On,Off,3.98620895773517,6.203052797244634
2024-09-27,6,234,1:00,Cloudy,20,3,On,Off,1.3148441883936528,12.297948015308696
2024-10-12,8,264,7:00,Sunny,35,5,On,Off,2.9502127705099856,37.98280475531758
2024-10-09,9,220,14:30,Sunny,31,2,On,On,4.0301280794471275,13.117055107673531
2024-10-12,2,243,18:00,Sunny,26,1,Off,On,2.147765446828142,0.5194201328683756
2024-09-22,7,206,22:00,Sunny,32,4,On,Off,3.574560142102151,22.24919567292837
2024-10-17,4,161,9:00,Cloudy,23,2,On,Off,1.63093459956957,32.10202233814413
2024-10-06,7,198,21:30,Rainy,24,1,Off,Off,1.9310609893323607,1.2683202378798497
2024-09-18,3,110,1:00,Rainy,16,2,On,On,1.0592930583610958,10.013117595355247
2024-10-16,10,240,21:30,Rainy,18,3,Off,Off,1.1707047079199078,23.530665696577874
2024-10-13,3,136,17:00,Sunny,32,2,Off,On,2.942924137294647,40.855838271382325
2024-10-08,4,156,20:30,Sunny,32,5,Off,On,1.3021509620345868,16.744890443842504
2024-09-26,10,57,16:00,Sunny,30,3,On,On,4.546727990730852,12.275881088679524
2024-09-30,8,282,12:00,Rainy,20,3,Off,On,2.96005169146986,16.40990563737027
2024-09-20,8,255,22:30,Sunny,30,5,On,On,2.592028689904408,12.373627473444904
2024-09-30,4,166,16:00,Sunny,27,4,On,Off,4.9410098448266915,4.559229749208732
2024-09-20,10,58,6:30,Sunny,28,1,On,On,2.7619219974310156,42.71908095492731
2024-09-21,1,129,16:00,Rainy,19,5,Off,Off,4.196097293922287,20.58085987343689
2024-10-04,7,264,5:30,Sunny,32,1,On,Off,2.0786525223207035,4.0838786655235
2024-10-06,1,58,20:30,Cloudy,29,2,On,Off,2.801025488641958,23.743854700864137
2024-09-23,3,107,0:30,Cloudy,28,2,Off,On,2.1798670427545153,31.43552181810375
2024-09-28,3,196,2:00,Cloudy,24,4,Off,On,4.7000378002112875,47.503711296571005
2024-09-27,3,170,15:30,Cloudy,29,5,Off,On,4.683722172237781,46.348403211102905
2024-09-20,3,63,1:30,Rainy,20,4,Off,On,4.966742947570308,17.144770797010757
2024-09-21,9,297,15:30,Sunny,28,5,Off,Off,3.7943975325867285,8.898835506205765
2024-09-26,6,234,9:00,Rainy,17,2,Off,On,2.8455916960664327,40.152441801905276
2024-10-03,7,226,12:00,Rainy,21,4,Off,Off,2.990775783882296,18.696508624915804
2024-10-17,7,125,13:30,Rainy,20,1,On,Off,1.3520761991471493,6.192056855433393
2024-10-11,6,232,15:00,Sunny,27,3,On,Off,3.236291898839934,29.820288055550957
2024-09-23,1,193,10:00,Rainy,18,2,Off,On,4.460668091980375,21.98253683184783
2024-10-16,7,113,16:30,Sunny,29,1,Off,Off,4.080756171945837,25.448505976228734
2024-10-14,9,162,4:00,Sunny,32,5,On,On,4.2223528900543075,35.94292272149382
2024-09-30,6,156,23:00,Rainy,24,1,Off,Off,2.2927651284696813,35.954944036473336
2024-09-19,10,160,12:30,Sunny,35,3,On,Off,4.7880993803817296,16.924752982487323
2024-09-19,6,136,6:00,Sunny,35,2,Off,On,3.9487193980913573,12.889936932492557
2024-10-14,5,298,22:00,Rainy,15,1,On,Off,4.779477078360129,32.74853869596212
2024-10-03,7,124,18:30,Sunny,33,2,Off,On,1.3451843168628301,40.55014301036242
2024-10-11,2,165,19:30,Cloudy,22,5,On,Off,4.6344090655129575,43.48970556868173
2024-10-12,5,51,12:00,Sunny,35,2,On,Off,2.045717735575389,49.83085167939445
2024-10-12,4,66,14:30,Sunny,35,4,Off,Off,1.5217031710176168,18.148110531630273
2024-10-15,3,161,9:00,Cloudy,25,3,Off,On,4.259379232095551,14.829890852561562
2024-09-24,1,159,8:30,Rainy,15,3,Off,Off,4.88532001202056,43.72821431450566
2024-09-24,1,290,1:00,Rainy,18,1,On,On,4.721582244401199,2.0949602060758465
2024-10-11,2,159,14:00,Sunny,26,4,Off,Off,2.877338668375166,11.430445731694617
2024-10-05,1,147,9:30,Sunny,33,5,Off,On,2.2602137406517073,14.597798045694061
2024-09-29,1,204,18:00,Sunny,31,4,On,Off,0.7852521919839835,2.4309188011535587
2024-09-28,6,86,1:00,Cloudy,29,2,Off,On,1.7012114182355431,31.504837230770644
2024-09-30,3,160,4:30,Rainy,15,3,On,On,3.6705795788088755,10.494714687623036
2024-10-02,3,118,23:00,Sunny,28,5,On,Off,2.847257142948875,49.69616771831512
2024-09-24,10,159,9:30,Sunny,34,5,Off,On,3.429436987346574,35.315815726894954
2024-09-18,4,249,19:00,Rainy,24,2,Off,Off,2.6158564990728843,41.7488531154946
2024-10-07,8,200,1:00,Cloudy,26,3,On,Off,4.157289605976095,19.023921831200603
2024-09-28,1,233,19:30,Rainy,18,5,On,Off,1.202886719980383,43.621055358106695
2024-09-26,10,105,11:30,Rainy,19,1,On,Off,3.3372916728568276,27.572106713030443
2024-10-01,7,191,11:00,Sunny,28,5,On,On,3.7072768408981958,14.626806216254534
2024-09-23,8,76,22:30,Sunny,32,3,Off,Off,4.853405861093695,32.055921690352775
2024-09-19,8,52,9:30,Sunny,26,3,On,On,4.058177553397881,48.51563944655331
2024-10-11,6,156,12:30,Cloudy,24,1,Off,Off,1.7088647264966523,17.1810537389515
2024-10-15,2,292,10:00,Rainy,24,4,Off,Off,2.998958374819487,46.95605837137521
2024-09-20,8,161,17:00,Sunny,32,2,On,Off,2.08251370953262,2.708205000644842
2024-09-29,5,211,4:30,Sunny,34,3,Off,On,2.3912983499924474,14.041956818366947
2024-10-11,7,51,3:00,Cloudy,21,5,Off,Off,2.186337857799882,1.7464221484930598
2024-10-10,5,298,16:30,Rainy,24,5,On,On,4.580321155489493,37.64807936861022
2024-10-01,6,122,15:00,Sunny,30,3,Off,On,2.8746430149059186,10.877341508183935
2024-10-08,4,286,13:00,Rainy,24,5,Off,Off,2.5376785190226867,8.494322815169081
2024-09-27,2,189,9:00,Rainy,19,5,On,Off,4.441834244708846,30.004351832540692
2024-09-28,2,115,6:00,Cloudy,27,3,Off,Off,1.7748486652678601,43.72491550571541
2024-09-23,3,211,15:00,Cloudy,22,4,On,Off,1.9810782058753318,49.55205599077155
2024-10-12,5,81,17:00,Cloudy,25,4,On,On,1.5463701093382114,38.628944902181026
2024-09-28,3,96,1:30,Rainy,19,5,Off,Off,4.7439337055520205,40.08295310636451
2024-10-13,7,72,18:00,Rainy,15,1,On,Off,1.3018969815606216,47.05238215215264
2024-10-01,1,67,7:00,Sunny,30,1,On,Off,0.9214662299311258,22.042055360630304
2024-10-08,7,232,7:30,Sunny,33,1,On,On,1.7386569406714596,39.2151925722696
2024-09-27,2,157,20:00,Sunny,27,1,Off,On,2.050350332029387,14.408449188236016
2024-09-23,8,186,20:00,Rainy,24,1,Off,On,1.4459550259219691,8.186573854180363
2024-10-08,6,168,18:00,Cloudy,20,3,Off,On,2.303566161808698,18.285764370907813
2024-09-20,8,241,0:30,Rainy,16,3,On,On,0.9341424944838659,28.970968310608296
2024-10-03,1,231,18:00,Sunny,28,1,Off,On,3.2086952643332913,1.6160776411323907
2024-09-18,7,286,1:00,Sunny,28,1,On,On,4.055968545461563,40.611428000786404
2024-10-04,1,169,14:30,Rainy,23,2,Off,On,0.5643712369618874,41.39100569347166
2024-10-03,8,159,8:00,Cloudy,29,4,On,Off,3.573794695392069,47.25588155116197
2024-09-29,4,56,9:30,Cloudy,22,1,On,Off,1.493572594363671,0.12323234000191641
2024-10-16,3,267,17:30,Sunny,29,2,On,On,0.9581377998353473,42.89749323229891
2024-09-26,4,136,19:30,Cloudy,22,3,On,Off,3.9823788097280497,17.710848769693165
2024-10-01,10,97,11:30,Rainy,21,4,Off,On,2.4209656373337074,10.214763570931911
2024-10-01,7,185,18:00,Rainy,18,5,Off,Off,3.907831575739602,44.52009802964058
2024-10-15,10,196,22:00,Rainy,19,1,Off,Off,2.4724268727795686,29.03331422313824
2024-09-20,3,162,7:30,Sunny,28,4,On,On,1.9005084567303587,8.695618933547223
2024-09-23,10,236,4:30,Cloudy,21,2,On,On,4.367882309486382,14.106430013057054
2024-09-20,2,126,19:00,Rainy,22,5,On,Off,2.2426895681845314,0.8128776460450793
2024-10-04,1,167,23:00,Rainy,23,3,Off,Off,0.6241414579111222,13.819248823851327
2024-10-10,2,229,2:00,Cloudy,23,4,Off,On,1.1960056834666677,16.827195908707587
2024-09-21,9,258,21:00,Cloudy,28,2,Off,On,2.567759936807514,13.450236520803788
2024-09-20,2,105,6:30,Cloudy,28,5,Off,On,0.8123481188811182,34.312055461652605
2024-09-27,3,228,11:30,Cloudy,22,2,Off,Off,3.8645687025033215,11.96557822783676
2024-10-10,3,121,13:00,Cloudy,27,1,On,On,4.072717884965351,40.64411323792936
2024-10-03,3,67,12:30,Sunny,32,5,On,Off,3.6246216093951276,33.68696223294943
2024-10-01,3,241,0:00,Rainy,21,1,Off,On,2.718725140379013,14.78497638279847
2024-10-14,5,110,18:00,Sunny,32,4,On,On,3.26846939836607,0.43314262254288693
2024-09-23,10,122,5:00,Cloudy,29,4,On,Off,3.4081138784258562,41.297608993101946
2024-09-22,7,146,3:00,Sunny,31,2,Off,Off,4.332049602846245,37.289202337504406
2024-09-29,9,82,14:30,Sunny,35,5,Off,On,0.5068477102292419,5.602812049562228
2024-09-18,7,266,15:00,Sunny,26,3,Off,Off,3.9365810505254033,21.130686994124986
2024-09-28,7,267,3:30,Rainy,17,2,On,On,2.996180860027089,37.566048336047885
2024-10-04,7,257,11:30,Sunny,30,4,Off,On,1.372947322715877,19.38870923200888
2024-10-13,1,190,2:00,Cloudy,21,5,On,On,1.4724871591284705,19.843072720928696
2024-09-22,9,65,11:00,Cloudy,27,1,On,On,4.300632722907356,26.93503133669009
2024-10-08,1,204,18:00,Sunny,31,1,Off,Off,4.146503216464151,34.94222204133107
2024-10-11,5,256,9:30,Cloudy,26,4,On,On,2.721772190196913,2.158679843655742
2024-09-24,10,162,1:00,Sunny,27,1,On,Off,2.163414827659127,25.254625521613466
2024-09-29,9,248,0:00,Sunny,29,4,On,On,1.1174771257558507,20.50220902349844
2024-09-24,4,112,6:30,Cloudy,20,4,Off,Off,0.9756951984297271,45.37496418972277
2024-10-05,5,175,17:00,Sunny,29,1,On,On,4.18271418158561,26.303961155760337
2024-09-21,1,227,17:30,Rainy,20,4,On,On,1.0911481339462068,13.291490470408519
2024-10-01,1,197,16:30,Cloudy,27,4,On,On,1.0082297643696019,9.392676746934253
2024-09-26,2,99,12:30,Cloudy,20,4,On,On,4.084816546631294,7.816241567600857
2024-10-06,1,160,7:00,Sunny,33,2,Off,On,2.8261900416483767,5.335115042403244
2024-09-25,3,234,15:00,Rainy,17,5,Off,On,2.5514257104451974,10.306843189330795
2024-10-01,4,196,7:30,Sunny,30,3,On,On,1.088242363239238,47.012115460036156
2024-10-05,4,170,9:00,Cloudy,21,5,On,Off,1.3330903482561716,23.32445379820024
2024-09-27,7,246,18:00,Cloudy,21,3,On,Off,2.0649820062651822,3.3679090649504917
2024-09-19,10,232,5:00,Sunny,33,5,On,On,3.871623886269809,39.829046757186454
2024-10-02,6,93,11:00,Sunny,34,4,Off,Off,2.462159687009263,8.4094480713363
2024-10-17,8,136,10:00,Cloudy,22,2,On,Off,1.1847962850257432,8.282492072365184
2024-09-19,2,59,12:30,Sunny,31,5,Off,On,4.743070234362874,40.835756962876765
2024-09-23,3,216,22:30,Sunny,30,4,On,Off,4.277780914692719,34.687992963639466
2024-10-06,1,195,18:00,Cloudy,20,1,Off,On,2.414244824544767,26.204649359662174
2024-09-30,4,281,20:30,Rainy,20,2,Off,On,3.831258035075204,15.215137391949623
2024-09-24,1,132,2:00,Sunny,33,1,On,On,3.2299951994316602,43.438757015888044
2024-10-17,9,175,2:00,Cloudy,29,4,On,Off,0.607823720182446,26.98831717011781
2024-10-05,9,82,22:00,Sunny,31,2,Off,On,3.4131861964580326,23.428633118503793
2024-10-14,3,235,13:00,Rainy,15,3,Off,Off,4.008028585489289,3.3001510214150596
2024-10-08,2,176,2:00,Sunny,28,1,Off,Off,4.37192117848562,48.807939457313545
2024-09-19,3,139,9:30,Cloudy,29,4,On,On,2.245702551413437,7.157330492799863
2024-09-27,7,240,23:30,Rainy,18,4,On,On,4.504138368432086,11.16353373088102
2024-10-10,4,168,13:00,Rainy,17,5,On,Off,0.5888154395620671,8.126881632391008
2024-09-21,7,119,7:00,Sunny,33,3,On,Off,2.372714987492629,13.964171714525664
2024-10-11,7,283,11:00,Sunny,25,2,On,Off,0.757166983429687,26.374229935269554
2024-10-15,10,209,15:00,Sunny,33,5,On,On,4.183617419621585,34.68078992704128
2024-10-09,4,284,3:30,Sunny,32,2,On,On,4.784421493767825,8.657524644386816
2024-10-14,4,181,12:30,Cloudy,21,5,Off,Off,1.5129557202115118,28.693876379649062
2024-10-07,5,200,12:00,Sunny,28,3,Off,On,4.951021552555654,19.574668203956314
2024-10-15,8,222,1:30,Cloudy,21,3,Off,On,3.823863158458561,30.52151630268291
2024-10-08,2,73,4:30,Cloudy,25,1,Off,On,3.1457736032190486,30.790183498661573
2024-09-25,3,108,20:00,Rainy,16,1,Off,On,2.048126316120478,10.465187543364296
2024-09-23,10,184,14:00,Cloudy,22,3,On,Off,2.1192801647564323,45.098765565868895
2024-10-05,4,295,1:00,Cloudy,23,3,On,Off,3.0822609370725225,19.67208301609001
2024-09-28,8,252,19:30,Cloudy,26,2,On,On,2.9532172107050476,34.160043440282614
2024-10-09,3,170,18:30,Sunny,30,1,On,On,2.852284014521922,12.652374891008828
2024-09-28,10,51,4:00,Rainy,20,3,Off,On,3.2456511943764306,18.415242559578974
2024-09-29,6,200,7:30,Cloudy,29,4,Off,Off,4.863135041310081,41.304726768082844
2024-10-13,8,212,7:00,Cloudy,26,1,On,On,4.950504183147614,9.038922524048814
2024-09-21,8,239,0:00,Rainy,24,4,On,On,4.35650168594043,9.376741641932117
2024-10-03,8,250,6:30,Sunny,26,4,On,Off,2.6650450013460847,26.963882740578498
2024-09-29,10,87,22:00,Rainy,23,5,Off,On,0.5110689771499344,12.858620682204746
2024-10-12,6,196,19:30,Rainy,23,2,Off,Off,2.7901855439002916,3.2091758066932483
2024-09-27,5,194,3:00,Sunny,33,3,On,Off,1.3645928638841154,22.379438119154305
2024-10-06,2,174,20:30,Rainy,24,5,Off,On,4.367303046528677,38.1628016325405
2024-09-22,3,209,6:00,Cloudy,20,2,On,Off,2.3645238618637716,32.4153148093232
2024-10-15,3,190,1:00,Rainy,15,5,On,Off,2.5995259389686223,35.700641968358795
2024-09-20,1,101,8:00,Sunny,34,3,Off,Off,1.8352062285549635,6.63978273516771
2024-10-06,10,176,8:00,Sunny,34,2,Off,On,2.970909749170643,15.935260528799578
2024-10-16,3,88,11:30,Rainy,23,4,Off,On,3.9631791467831388,6.963971609894837
2024-09-23,8,84,2:00,Rainy,16,5,Off,Off,0.5803841451475618,47.377892371118904
2024-10-06,5,84,9:00,Rainy,19,1,On,Off,3.4776400715142572,21.832423593971264
2024-10-02,6,243,15:30,Rainy,21,2,On,Off,0.7804640643384236,49.93940294478335
2024-10-08,3,53,2:00,Rainy,24,2,Off,Off,1.310969453830087,10.069727002618507
2024-10-10,1,82,23:30,Rainy,23,5,On,Off,4.813512669309462,2.6528631597605266
2024-10-05,9,255,13:30,Cloudy,28,3,On,Off,3.5977064798512375,43.5844661686985
2024-10-02,10,202,19:00,Sunny,34,4,On,Off,3.347667951856578,28.66542277451294
2024-09-29,2,188,20:00,Rainy,16,4,Off,On,4.558788399333087,11.454549620552063
2024-10-05,6,157,19:00,Sunny,27,5,Off,Off,1.8876510345431707,9.819554197354519
2024-10-03,7,281,23:00,Sunny,27,4,On,On,1.1242946369503457,3.9423874821424953
2024-10-15,3,270,4:30,Rainy,19,1,Off,On,3.31572672080999,0.5254654263281089
2024-10-02,5,80,2:00,Cloudy,26,1,Off,Off,2.154738096225942,13.194481691307109
2024-09-30,8,181,10:30,Cloudy,29,4,Off,Off,2.4391023035732458,14.428350209228052
2024-10-03,4,197,19:00,Cloudy,23,1,On,Off,3.284830270911824,13.884722564493712
2024-10-03,5,200,6:30,Rainy,18,5,Off,Off,4.069819632579936,34.29566682403144
2024-09-30,3,113,8:30,Rainy,24,3,On,Off,1.8897627822520242,8.117823231462001
2024-09-22,1,182,6:30,Cloudy,23,2,Off,On,2.394842102285364,49.80800833260207
2024-09-22,1,239,11:30,Rainy,17,5,On,Off,1.9824820935744891,5.214450994727887
2024-10-07,3,186,18:00,Rainy,20,1,On,Off,2.6831124650859177,11.818392093186397
2024-10-17,1,255,23:00,Rainy,20,2,On,On,1.9057324132382942,15.932968943640324
2024-10-06,6,85,7:30,Rainy,24,4,On,Off,4.875495921239791,10.559323614490685
2024-09-27,6,265,15:00,Cloudy,23,4,Off,Off,1.911530048772768,19.483806139684702
2024-10-03,7,91,13:00,Sunny,34,1,Off,On,1.970334540956875,9.045368158104338
2024-09-29,3,67,17:30,Rainy,19,3,On,Off,2.774795008891108,29.607374765341238
2024-10-15,10,281,19:30,Rainy,19,4,On,Off,4.221841497419009,43.35287607944741
2024-10-11,1,271,19:30,Cloudy,20,3,On,Off,0.6887069264333285,26.042081675525154
2024-10-15,5,54,20:00,Rainy,21,2,Off,Off,2.500297367791057,13.30379270866025
2024-10-17,6,188,22:30,Sunny,26,3,On,Off,3.5087160720346597,31.36707326368522
2024-10-06,5,162,10:00,Sunny,28,1,On,Off,2.7212870591718983,49.30570836518908
2024-09-20,1,199,21:00,Rainy,23,5,On,Off,3.7370722831626053,33.91496066098345
2024-10-05,1,177,13:30,Sunny,33,1,On,Off,0.766194058342339,20.559781289191488
2024-09-27,6,264,1:30,Rainy,20,1,Off,On,3.181025356434391,1.5565470461806674
2024-09-28,3,201,11:30,Rainy,19,4,Off,Off,1.3301892918828138,27.077092342390625
2024-10-16,9,243,13:30,Cloudy,28,1,On,On,2.801101654821445,38.9929715519045
2024-10-04,7,183,12:30,Rainy,24,5,Off,Off,1.7801276257531005,4.062193978645833
2024-10-11,1,73,3:00,Rainy,18,4,Off,Off,3.183968844187733,7.589885485727538
2024-10-04,4,230,9:00,Sunny,28,5,Off,On,3.3084817957252186,22.611442206713523
2024-10-09,7,222,22:30,Cloudy,25,4,On,On,0.7467265996400156,23.185568754706743
2024-10-11,6,157,22:00,Cloudy,20,3,Off,Off,3.539579544345463,46.95015693704614
2024-10-16,2,58,17:00,Sunny,25,2,Off,On,3.029628237926478,27.080369068885922
2024-10-04,9,87,15:00,Cloudy,29,5,Off,Off,2.3205462963040904,44.40961138630598
2024-10-03,2,238,12:30,Cloudy,27,2,Off,On,3.4669779585686653,45.77876647568224
2024-09-26,2,183,20:00,Cloudy,28,1,Off,On,2.4876977794918123,49.88507311184024
2024-10-07,2,50,0:00,Sunny,34,2,On,On,2.6658307888866215,43.569202924277114
2024-10-16,3,155,23:00,Sunny,28,4,On,On,3.1682237212253748,29.93812011916826
2024-10-04,4,122,14:30,Rainy,20,5,Off,Off,4.113217572519452,20.26626697300602
2024-10-15,10,92,9:00,Rainy,21,3,On,On,1.3859473521721206,47.739966060695245
2024-09-24,5,202,9:00,Cloudy,23,3,On,Off,2.0135560718320007,43.01693657629204
2024-10-05,1,187,12:30,Rainy,19,2,Off,On,2.6544616496702886,17.946050572123113
2024-09-24,5,137,0:00,Sunny,34,3,Off,Off,1.4869396195498998,6.4554828938096
2024-10-17,9,86,13:00,Rainy,22,5,On,Off,0.7941763138828792,20.342949922375524
2024-10-10,6,199,15:00,Rainy,21,2,On,Off,1.0276134494762683,11.98887357230265
2024-10-12,8,294,3:00,Sunny,32,2,On,Off,3.511513411809657,28.523446745691526
2024-10-09,1,98,11:30,Rainy,16,4,On,Off,4.1567780457187435,25.73088246484519
2024-10-05,6,167,8:30,Rainy,21,1,On,On,1.8289805231591298,45.332009420811936
2024-10-08,9,235,7:30,Sunny,33,3,Off,Off,3.8626096766697273,37.01000653410859
2024-09-18,2,179,4:00,Cloudy,28,3,Off,On,2.669586569048348,20.81635195129185
2024-09-20,5,241,12:30,Sunny,26,4,On,Off,1.1709554964121325,44.12820390522999
2024-10-06,10,198,21:00,Sunny,25,3,Off,Off,3.842088465244787,40.30424962305476
2024-10-02,4,123,5:00,Cloudy,29,3,On,Off,4.39321302450368,1.6535754984439877
2024-10-05,10,64,10:00,Cloudy,24,1,Off,Off,2.6863806002258364,48.8736487770295
2024-10-09,1,175,17:00,Rainy,19,1,On,On,3.2233583928414684,15.525003666296854
2024-09-26,6,103,15:00,Cloudy,25,4,On,On,2.3857378909220426,23.24444271165072
2024-09-22,9,120,4:00,Sunny,28,2,Off,On,4.606509231096551,10.018014798734193
2024-10-14,7,280,7:30,Sunny,25,2,Off,On,3.8131597843199,37.259666449033375
2024-09-18,9,152,11:30,Cloudy,29,4,On,Off,4.9612103235531935,48.724954046909666
2024-10-05,5,242,4:00,Sunny,28,4,On,Off,3.420141481437194,7.685121501589537
2024-10-05,7,129,1:30,Cloudy,29,2,On,Off,1.3946968727997704,41.16952377726009
2024-10-16,7,267,14:30,Sunny,27,2,On,On,3.477765266220894,1.6461055072426123
2024-09-26,8,98,22:30,Rainy,20,5,On,Off,2.6455245393506255,29.340204274163177
2024-10-08,4,218,14:30,Sunny,27,2,On,On,2.523479511299937,3.0669543047915857
2024-09-18,6,214,20:00,Rainy,24,1,Off,Off,1.1000957066006585,46.53171212406093
2024-09-24,8,151,13:30,Sunny,26,1,Off,Off,1.4599629830701149,39.32723087974448
2024-09-18,6,163,15:00,Rainy,16,4,On,Off,1.138861425744579,35.47707083612667
2024-10-11,9,216,10:30,Sunny,34,1,On,On,1.6920934540716701,5.692132558594082
2024-10-09,1,115,15:00,Sunny,27,3,Off,On,3.3788874367793067,35.99247668732451
2024-10-01,10,88,22:00,Rainy,23,1,On,On,3.73843914493748,48.95665237341823
2024-10-13,7,184,0:00,Sunny,33,3,Off,Off,1.1947403214522894,19.386449328412898
2024-09-27,1,235,3:30,Rainy,17,1,On,On,1.1595909543416199,1.5213194949112496
2024-10-02,10,50,15:30,Sunny,34,4,Off,Off,4.33539217015027,32.56162623780267
2024-10-04,8,231,22:00,Sunny,27,5,On,On,1.1270671843396034,1.0982570197403896
2024-09-22,2,226,23:30,Rainy,24,2,Off,Off,3.7109071317187547,30.23925493171004
2024-09-28,7,196,13:30,Cloudy,23,5,Off,Off,0.5458609308068832,24.12846367906425
2024-09-18,8,70,3:00,Rainy,23,2,On,Off,3.9508704429057686,22.613344414510678
2024-10-12,7,58,1:00,Cloudy,23,4,On,On,2.447103882573481,46.88708225211961
2024-09-24,6,220,8:30,Rainy,22,1,On,On,1.6621728728915939,48.73586779207376
2024-10-07,3,138,21:00,Cloudy,29,1,On,Off,4.852060662730114,39.27110669300535
2024-10-15,10,124,17:30,Rainy,21,4,Off,Off,4.606533430111912,13.258768068497506
2024-10-09,2,189,8:30,Sunny,30,1,Off,On,3.8820810822731056,10.091862359473874
2024-09-24,1,209,14:00,Rainy,21,3,On,Off,2.1284491870936693,45.28924107818043
2024-09-23,1,263,14:00,Cloudy,24,4,Off,Off,4.546511670326447,18.395814028370822
2024-09-18,1,103,7:00,Sunny,26,4,On,Off,1.8771806011598478,2.053167193746175
2024-10-15,8,97,18:30,Sunny,26,1,On,On,4.806117316210993,17.211646376438626
2024-10-02,3,299,11:30,Rainy,24,5,On,On,4.876817913439112,26.702017296449466
2024-09-18,6,232,23:00,Rainy,24,1,On,Off,4.8716791126003125,20.440382200760958
2024-10-07,9,290,22:30,Sunny,33,2,Off,On,2.967627524882937,28.50385593026244
2024-10-06,8,132,14:00,Sunny,29,4,Off,On,1.1845077457496715,10.508547072129288
2024-10-07,8,222,11:30,Rainy,20,2,Off,On,1.5352972037714447,17.66142305015162
2024-10-07,4,145,12:30,Rainy,24,3,Off,Off,4.284406390288135,16.0955846096396
2024-10-12,6,188,10:00,Sunny,28,2,Off,On,4.191329647055142,48.021348222973984
2024-09-27,4,229,7:30,Cloudy,23,2,Off,Off,3.571919571518415,11.840172724235238
2024-10-05,6,58,2:00,Rainy,18,4,Off,On,2.1063374786045133,35.21346029121696
2024-09-20,8,142,9:30,Sunny,27,2,Off,On,0.7643401118813533,4.827592529179942
2024-09-22,1,160,0:00,Sunny,32,2,Off,Off,1.7757791437943446,15.880974382353724
2024-10-08,5,295,10:30,Cloudy,24,5,On,Off,1.0312838354579201,10.196628072424097
2024-10-06,10,200,3:30,Rainy,24,3,On,Off,2.1675339671668805,18.230291019577844
2024-10-11,1,296,19:00,Cloudy,25,5,Off,On,0.7486455603542982,45.526734162522764
2024-09-18,9,95,4:00,Sunny,29,5,On,On,0.6241531877467645,37.48351056350507
2024-10-05,6,81,21:00,Rainy,20,3,On,Off,2.83374471426344,4.8651144072656525
2024-09-30,1,240,17:00,Sunny,27,5,On,Off,4.6516772333934355,33.22751157200753
2024-10-15,2,208,11:00,Cloudy,27,5,On,On,4.684962977116655,8.42377746183045
2024-10-05,5,263,3:00,Sunny,29,2,Off,On,3.102656720373265,20.903497238695845
2024-09-24,3,288,18:00,Cloudy,23,4,Off,Off,2.856352525644935,36.21597521931655
2024-10-06,5,149,11:30,Sunny,33,5,On,On,0.5110503890677025,7.5874703158995915
2024-09-22,10,182,6:30,Cloudy,27,5,On,Off,3.920417386735977,17.74906845218009
2024-09-30,5,146,11:00,Rainy,15,5,Off,On,2.5633499674652267,17.42325064443403
2024-10-05,2,75,20:30,Sunny,33,5,Off,Off,2.2058345553744676,13.022524112760332
2024-09-30,2,100,3:00,Cloudy,26,1,On,Off,1.6125950317853006,20.38518723547166
2024-10-05,5,292,16:00,Rainy,22,3,Off,Off,1.117212710439751,7.557370838303839
2024-10-05,7,142,22:30,Sunny,32,1,On,Off,2.70922512508938,21.69956923375173
2024-10-15,3,84,23:30,Sunny,30,1,Off,On,4.874699386909641,0.018037037356177787
2024-09-18,1,179,2:00,Sunny,30,4,Off,On,2.2241603139309545,42.60472140430725
2024-10-16,3,261,6:00,Sunny,34,1,On,On,1.611096431568066,20.065667417168857
2024-10-10,5,127,20:00,Rainy,19,2,Off,On,1.529385532290691,7.133898557905905
2024-09-18,3,223,6:00,Rainy,22,3,On,Off,4.672373309994414,26.25323745118548
2024-10-15,2,269,17:00,Rainy,23,2,Off,On,4.58447436201604,17.498716578449265
2024-09-30,8,220,2:00,Sunny,31,1,Off,On,0.8348195219478813,32.37489703820921
2024-09-18,4,108,2:30,Sunny,26,3,On,On,1.7510868565522242,18.963890004191526
2024-09-25,9,177,9:00,Sunny,30,5,Off,Off,4.895779089944421,12.539074033849651
2024-09-29,2,264,14:00,Cloudy,26,5,On,Off,1.6978028734594013,24.01406410658689
2024-10-02,6,260,0:30,Sunny,29,2,On,Off,1.6760083038546232,7.419385552967728
2024-10-02,6,152,2:30,Rainy,23,2,Off,On,4.287484359286658,39.6573749882813
2024-10-08,10,157,12:30,Sunny,32,5,Off,Off,0.9795048478814465,17.132417084297636
2024-10-10,10,249,22:30,Rainy,23,3,Off,On,1.2008525365587246,28.36922052932504
2024-10-14,1,288,7:30,Rainy,18,4,Off,On,1.5089979852683915,41.120403415537616
2024-10-05,3,178,5:30,Cloudy,28,2,Off,Off,1.3710805352051894,23.13842795118023
2024-10-15,3,159,0:00,Sunny,26,2,On,Off,2.9573772173694706,4.434301287118886
2024-10-01,1,210,1:00,Cloudy,21,2,Off,On,1.3787883068350886,15.575960924299965
2024-10-11,6,181,16:00,Sunny,31,1,On,Off,4.060865596671132,45.98111568308806
2024-09-25,1,175,10:00,Rainy,15,4,On,Off,4.102820595202799,48.40897952663117
2024-09-24,2,282,1:30,Cloudy,21,2,Off,On,3.5595179217578727,6.789875048151794
2024-09-27,9,205,2:30,Sunny,27,3,Off,On,1.318349365112958,29.450810919384367
2024-09-27,1,156,13:30,Rainy,20,4,On,On,1.0577267552014005,43.80338410945189
2024-09-26,6,82,11:30,Sunny,31,3,On,On,4.1101027440828375,25.468712416602468
2024-10-12,9,129,3:30,Cloudy,23,1,Off,On,3.8719631078521792,30.94135438174339
2024-09-28,7,292,7:00,Rainy,19,2,On,On,1.338155160770543,26.99462760095069
2024-09-26,7,91,0:00,Rainy,18,1,On,On,4.312217002958474,31.104471639107345
2024-09-23,10,52,16:30,Sunny,26,2,On,Off,0.8621079861151377,48.18390284896406
2024-10-08,1,203,6:00,Cloudy,26,3,Off,Off,4.877702919671486,7.935108891854164
2024-10-04,4,87,11:00,Rainy,15,4,On,Off,4.582481916443717,30.63702683314328
2024-10-04,10,202,7:00,Rainy,22,5,On,Off,1.4897869754352324,23.946628317979535
2024-10-14,4,201,11:00,Rainy,20,1,Off,Off,4.983754054147956,1.0042919586509713
2024-10-02,3,270,12:30,Rainy,16,4,On,Off,3.6617630583005853,34.11579405433193
2024-09-23,8,222,11:00,Cloudy,27,4,On,On,4.719597550892318,34.62292046438205
2024-10-01,9,122,0:00,Sunny,29,5,On,On,1.3441064293906286,26.777160591151265
2024-10-02,5,270,3:30,Sunny,25,4,Off,On,2.591336312460054,21.26064069142607
2024-10-16,4,182,13:30,Cloudy,24,5,On,On,2.113485274690242,26.191001785503186
2024-10-08,6,229,22:30,Rainy,20,3,On,On,1.8667463025365612,44.33060622507146
2024-10-11,4,82,17:30,Sunny,26,2,Off,On,1.2647987089414823,47.045383393000954
2024-10-02,8,201,9:30,Cloudy,28,1,On,Off,1.127600304992016,7.371314693999242
2024-10-12,3,91,15:00,Sunny,32,4,Off,On,2.3145145585080495,13.026851781464943
2024-10-15,8,55,21:00,Sunny,26,5,On,Off,3.2803728144223174,25.208149850149653
2024-10-16,3,91,11:00,Rainy,16,5,Off,On,2.3347344807108987,43.354371128513506
2024-10-06,3,62,2:00,Cloudy,25,2,On,Off,0.8943855859250083,22.3075948035348
2024-09-27,1,250,6:30,Cloudy,20,3,Off,On,2.5091113744750855,23.704981951130293
2024-10-01,2,287,23:00,Rainy,18,2,Off,Off,4.069389784763756,7.011047340102749
2024-09-28,4,252,22:00,Rainy,15,4,On,Off,2.2414209660231434,3.4765159274330157
2024-09-27,5,151,1:30,Cloudy,29,3,Off,Off,2.9825381383410976,26.81921727386391
2024-10-17,4,51,1:30,Cloudy,25,3,On,On,2.846598335361789,27.13979380559643
2024-10-11,3,285,8:30,Rainy,21,5,Off,Off,1.380660278640695,8.039690211340917
2024-09-28,10,105,9:00,Cloudy,29,4,On,On,0.6258418689621501,38.97846045719093
2024-10-08,3,50,15:30,Sunny,28,1,On,On,1.724956293447588,6.1224273403467695
2024-09-25,2,62,7:30,Sunny,30,4,Off,On,3.4703790819511333,46.56490855462997
2024-10-16,9,207,6:30,Cloudy,23,3,On,On,3.2545461674410765,6.68160011415328
2024-09-26,9,288,9:30,Rainy,16,3,Off,Off,3.715814555657592,41.06310312203601
2024-10-16,10,59,1:30,Rainy,23,3,Off,On,2.2897796595050037,35.84328561503515
2024-10-08,2,251,17:30,Rainy,22,2,Off,Off,1.1668320461677357,49.304379123653966
2024-09-28,9,113,21:30,Sunny,31,5,On,Off,4.688046651463072,9.333089886661156
2024-10-09,3,242,3:30,Cloudy,28,4,On,Off,4.6493180138020955,46.31024017397959
2024-10-13,4,51,9:00,Sunny,28,1,On,On,4.338083684725677,17.803525072772057
2024-09-29,8,143,0:30,Sunny,35,3,On,On,4.867354663671526,0.8657736074391131
2024-10-05,2,125,12:30,Rainy,24,1,On,On,2.0812476290744026,9.610689544110967
2024-09-30,3,174,18:30,Rainy,22,1,Off,Off,0.8841106065415993,29.50284780169688
2024-09-19,3,196,17:00,Cloudy,24,1,On,On,3.234075848132503,27.036623075848553
2024-10-03,10,233,23:00,Rainy,19,5,On,Off,0.7686576513669519,38.291155076944435
2024-10-12,9,58,9:00,Sunny,29,3,Off,On,4.30441700108987,43.2539268430283
2024-10-15,4,134,22:00,Sunny,29,4,Off,Off,4.443716663511216,5.536685727845169
2024-10-15,9,107,22:00,Sunny,33,5,Off,Off,0.8910210831454235,8.348115359800756
2024-09-22,1,153,21:00,Sunny,29,3,Off,Off,3.2579193443411585,43.63552672172262
2024-10-02,4,159,17:00,Rainy,20,3,Off,Off,3.7619493234688828,1.6644389197872977
2024-10-03,10,77,15:30,Cloudy,23,4,On,Off,4.370643765370172,17.57891726518006
2024-10-01,8,62,18:30,Rainy,17,2,Off,Off,0.9095406444896923,46.9789923145035
2024-10-03,1,86,22:30,Sunny,29,4,Off,Off,4.733074118034878,2.378579086699056
2024-10-16,4,153,9:30,Rainy,21,2,Off,On,0.7007178914116305,29.24778297790176
2024-10-01,7,231,22:30,Sunny,32,5,On,Off,0.8658816340275077,45.976670966150174
2024-10-05,5,200,9:30,Rainy,24,5,On,On,4.274228759965068,12.15122288332912
2024-10-13,8,146,17:00,Rainy,23,1,On,Off,2.582525567795128,35.37416927626611
2024-10-06,1,254,3:30,Rainy,22,1,Off,Off,2.9962385497482504,45.28460066593743
2024-09-23,7,63,2:30,Cloudy,22,3,Off,Off,0.9739871339702817,18.30371452815588
2024-10-07,7,120,13:00,Cloudy,21,2,On,Off,1.6815538820746385,6.37593382175945
2024-09-30,1,165,2:00,Sunny,33,3,Off,On,4.940294266505225,11.557406212650905
2024-09-30,2,116,5:00,Rainy,19,4,Off,On,4.228168305108961,31.36470699365953
2024-10-13,4,51,19:00,Rainy,22,3,Off,Off,4.995581547333242,26.75083070972841
2024-10-11,8,53,12:00,Sunny,29,3,On,On,2.155523623344787,46.95309979955464
2024-10-14,5,123,2:00,Rainy,18,1,On,Off,4.648454448317905,35.08030219889124
2024-10-13,7,249,6:30,Sunny,34,3,On,On,4.787361802358872,21.94560119576599
2024-10-15,10,100,14:30,Rainy,24,2,Off,Off,1.7014794429445166,0.22670977382812096
2024-10-02,8,92,14:00,Sunny,31,3,Off,Off,0.7391282438064208,6.098461811683814
2024-09-24,2,281,22:00,Rainy,15,1,Off,Off,2.3004985345053828,15.143597441672284
2024-09-26,8,139,18:30,Sunny,31,2,Off,Off,3.1014081016862507,45.72742298003915
2024-10-11,1,263,18:30,Sunny,25,4,On,On,1.9160451961418306,1.4550379707411465
2024-10-08,1,194,17:00,Rainy,19,2,On,On,3.1862424180704427,44.535814753240196
2024-09-26,4,269,8:00,Rainy,18,3,Off,On,3.8845937255377123,10.642662144085712
2024-10-01,8,218,12:30,Sunny,31,5,On,On,4.72334725776483,8.710985405462546
2024-10-13,8,173,8:30,Sunny,30,4,On,On,1.209573215911298,11.669908036615368
2024-10-11,4,166,19:00,Cloudy,24,4,On,On,2.21361732095246,44.03181435673166
2024-09-28,10,84,17:30,Sunny,30,5,Off,On,0.8593622337884603,37.10811168299203
2024-10-13,6,173,1:00,Sunny,25,3,Off,Off,2.9475305775326244,46.5392149403189
2024-10-07,10,223,13:00,Rainy,19,2,On,Off,4.07112053868709,22.88476286166383
2024-09-21,4,58,19:00,Rainy,20,5,Off,On,4.024717909993669,19.38347450759499
2024-10-12,7,267,14:30,Rainy,16,4,On,Off,2.4826515961458453,41.57143464042197
2024-10-06,2,153,8:30,Sunny,27,1,On,On,3.55759519981623,40.16472467449812
2024-10-13,5,293,14:30,Rainy,19,4,Off,Off,4.250569831503415,43.906253928291896
2024-10-16,3,267,21:30,Cloudy,23,1,On,On,3.4553929148068856,23.566279141601328
2024-10-06,10,240,23:00,Rainy,16,4,On,Off,3.5066575324081075,26.401283610559872
2024-09-27,10,206,20:30,Sunny,30,1,Off,Off,3.6356560488282836,29.50245082197243
2024-09-23,7,162,16:30,Rainy,21,3,Off,Off,1.6241346374373788,12.951176071608806
2024-10-17,3,204,9:00,Rainy,23,4,On,Off,3.5569270849483923,38.18023562610806
2024-10-03,3,98,12:00,Cloudy,29,4,Off,Off,3.811237083016675,33.15314814696208
2024-10-10,5,102,1:30,Cloudy,23,2,Off,Off,2.066784005484842,33.38028949905595
2024-10-09,1,139,20:30,Sunny,28,5,Off,On,1.4235163601991963,21.229399469719855
2024-09-18,6,143,5:30,Rainy,22,2,On,On,1.3744356081171158,48.09332963594639
2024-10-09,2,152,21:00,Cloudy,23,2,On,On,1.997662790024815,9.263831413180817
2024-10-03,9,75,8:30,Sunny,27,3,On,Off,4.243886585517827,40.67760086957162
2024-10-15,6,87,15:00,Sunny,28,3,On,On,2.9795681559355747,43.45051102587279
2024-09-27,8,132,6:30,Sunny,33,4,Off,On,1.7674518673781316,49.558104342041496
2024-10-01,1,239,12:00,Cloudy,25,2,On,On,3.16482214623734,16.624406288410032
2024-09-25,3,107,9:00,Cloudy,24,3,On,On,3.3859632492880527,16.019327393327824
2024-09-18,4,219,14:00,Rainy,15,4,On,On,1.514995552629527,17.104115639392887
2024-10-10,2,162,6:00,Cloudy,29,4,Off,Off,2.438740169134392,38.885203214433275
2024-09-23,5,237,6:30,Rainy,24,5,Off,Off,4.155846688192597,40.07906031304445
2024-10-11,10,92,17:00,Sunny,32,3,Off,On,4.6732230466550595,22.413664475885213
2024-09-18,5,214,3:00,Sunny,35,2,Off,On,2.152534185766826,6.715723013483643
2024-09-24,3,294,7:00,Rainy,23,1,Off,Off,3.0976639525398744,38.67669935112416
2024-09-24,9,231,21:00,Cloudy,28,2,Off,Off,4.385395366455618,17.720216086157226
2024-09-27,10,296,14:00,Cloudy,27,4,On,Off,2.288738071480159,39.29387365701385
2024-09-25,6,82,22:00,Rainy,15,5,On,On,3.6451954104345607,14.558269926159378
2024-10-15,6,131,14:00,Sunny,29,4,Off,On,0.6081996661728885,43.17260264815961
2024-10-14,3,259,14:30,Rainy,20,2,On,Off,4.968941817682304,47.15496791947542
2024-09-29,4,194,8:30,Cloudy,26,3,On,Off,4.152962266842865,3.3736205961302668
2024-10-13,5,296,6:30,Rainy,19,5,Off,Off,3.2977008788719853,14.99901053390546
2024-10-10,1,275,11:00,Rainy,23,3,Off,On,4.140220829241326,19.030923081473194
2024-10-07,7,264,16:00,Sunny,34,1,Off,Off,2.357418879311439,22.05138949016761
2024-10-05,4,218,12:30,Sunny,32,2,Off,On,4.359285562165253,21.093929452729267
2024-10-03,3,177,18:00,Rainy,24,4,Off,Off,2.184948083175587,42.16548551052713
2024-09-29,6,175,5:00,Cloudy,25,3,Off,On,4.698501384606421,44.23573035884015
2024-09-30,4,138,10:00,Sunny,26,4,Off,On,4.751169973276766,0.1860151854938985
2024-10-05,5,279,21:30,Sunny,29,1,On,On,4.292867329371572,16.776702916956577
2024-10-11,8,71,8:30,Rainy,17,5,On,Off,4.019855795859938,35.06184692269487
2024-09-18,4,290,22:00,Sunny,31,2,Off,Off,3.266338360032088,8.339546721129377
2024-09-25,10,87,21:30,Rainy,17,1,Off,Off,1.2796884746986876,12.447957898486244
2024-09-23,9,183,11:00,Sunny,35,2,On,On,1.859176844153265,40.3468205268563
2024-10-11,1,56,22:30,Rainy,23,1,Off,On,4.725836490522249,4.658085457177519
2024-10-14,9,83,17:00,Cloudy,20,5,On,Off,1.8899705147215267,37.22570663916029
2024-10-01,6,74,21:00,Rainy,24,2,Off,On,2.241714028367916,1.7670850579186437
2024-10-08,4,204,17:00,Cloudy,20,2,Off,On,4.670419565166087,41.106408143319
2024-10-04,3,160,7:00,Rainy,17,4,Off,Off,3.7340495742900854,32.52075970479986
2024-10-09,10,236,4:30,Sunny,30,5,Off,On,1.5288026450014152,40.17521685656602
2024-10-08,7,217,4:30,Sunny,34,4,Off,Off,4.727850829781076,16.626263079940962
2024-09-28,10,279,3:00,Cloudy,28,1,Off,Off,3.7390773382477973,20.854924204916646
2024-10-01,9,297,10:30,Cloudy,21,4,Off,Off,4.427202295785338,41.2422267234136
2024-10-14,1,206,11:30,Cloudy,27,3,On,Off,0.7215124220795277,35.94499156467147
2024-10-10,6,231,1:00,Cloudy,21,1,Off,Off,4.2690220256055635,31.975551892662
2024-09-28,4,262,7:00,Rainy,20,5,Off,On,0.8863525437337048,3.5546926797053846
2024-09-21,6,137,4:00,Rainy,23,4,Off,Off,0.9550918631357659,9.641469560342536
2024-10-04,8,207,22:30,Cloudy,29,5,On,On,1.6244126654431663,38.29715070030808
2024-09-30,10,100,9:00,Cloudy,22,2,Off,Off,3.711461378317244,49.835657929730296
2024-09-21,10,255,18:00,Sunny,33,5,On,On,3.6355681547434324,14.214094254813215
2024-10-17,3,144,7:00,Sunny,28,4,On,Off,0.9300835072423493,13.053574692650471
2024-09-27,1,79,12:00,Sunny,25,4,On,On,2.4086068028472076,17.147383087230168
2024-10-05,8,113,18:00,Rainy,16,3,On,On,3.6427590473681084,16.252919919851283
2024-10-11,1,69,21:00,Cloudy,25,4,Off,On,0.8838279142319108,23.500816541530494
2024-10-07,2,129,2:00,Rainy,17,4,Off,Off,2.0385897042528383,4.3062182638677395
2024-10-03,4,277,2:30,Rainy,21,5,Off,On,4.039716073257875,39.06498069426534
2024-09-18,4,196,17:00,Cloudy,26,2,Off,On,1.6375082205707885,39.64935463742425
2024-10-09,7,240,0:00,Cloudy,25,5,On,Off,1.4877407495547903,16.386727307568716
2024-10-03,5,207,11:00,Sunny,26,5,Off,On,1.2704667543307617,25.68311950480456
2024-10-10,8,113,18:00,Cloudy,23,2,Off,Off,0.9020907721294211,27.817785139949958
2024-09-20,6,169,16:00,Cloudy,25,5,Off,Off,2.002299288499519,27.063566322888082
2024-09-22,7,175,8:00,Rainy,17,1,On,On,3.784955640827564,30.627924633448046
2024-09-18,1,151,0:00,Cloudy,28,2,On,Off,2.544596504948022,9.39702943032671
2024-10-04,8,176,12:30,Sunny,27,4,On,Off,2.8263259054428427,18.986741672641443
2024-09-21,2,255,4:00,Sunny,27,5,Off,On,3.846156761805876,19.99947286961776
2024-10-01,9,225,22:30,Sunny,34,3,On,On,3.476260077599705,30.273767787280033
2024-10-16,1,199,15:30,Cloudy,21,1,Off,On,1.2441322634548735,18.111517786342933
2024-09-19,1,139,22:00,Cloudy,28,4,On,On,1.9161319243881836,41.062713211452554
2024-09-25,10,207,20:30,Sunny,29,1,Off,Off,4.797588477205221,20.877351762332484
2024-09-20,1,130,2:30,Rainy,17,4,On,Off,3.507994667419517,7.449502212386899
2024-10-03,7,253,11:30,Cloudy,27,2,Off,On,0.7203743345623859,29.43628546139862
2024-09-18,10,183,22:30,Cloudy,25,1,On,On,2.1946935261272094,36.390762507867784
2024-10-06,6,103,0:30,Cloudy,27,1,On,On,3.336550762873073,42.06773682610099
2024-09-22,6,72,1:30,Sunny,31,4,Off,Off,4.971441024203552,48.062446053399555
2024-10-16,8,120,20:30,Rainy,23,2,On,On,1.8511826288918387,6.986267800719171
2024-10-06,9,195,13:30,Cloudy,26,5,Off,On,4.691363407254846,34.71750306936683
2024-10-12,10,145,7:30,Sunny,29,4,Off,Off,2.115607313365271,45.80664759900632
2024-10-04,10,130,1:00,Rainy,17,1,On,On,4.882517179609707,8.973907480099403
2024-09-18,10,90,21:30,Cloudy,27,5,Off,On,1.097770219343431,21.394638693053174
2024-10-05,2,197,1:30,Rainy,20,3,On,Off,3.3217248477941466,34.59261076562503
2024-09-24,10,299,1:30,Cloudy,29,3,On,On,2.9181414069895597,24.330054106655837
2024-10-16,8,190,9:30,Cloudy,25,4,On,Off,4.962384597079441,31.502195701887548
2024-10-11,3,245,21:00,Rainy,15,3,On,Off,1.5561264974411344,33.647251001832814
2024-10-13,3,168,22:30,Rainy,16,3,On,On,2.26959736629144,0.9530362326116149
2024-10-02,8,56,16:00,Cloudy,21,3,Off,Off,1.0232625236260828,8.791507324997566
2024-10-01,3,190,2:30,Rainy,17,4,Off,On,4.335598053178137,41.96538679506782
2024-10-08,6,75,11:30,Cloudy,21,4,Off,On,0.6582727354214071,25.68948405341357
2024-10-06,4,171,17:30,Sunny,25,2,Off,On,1.1808045731428896,5.325090402866229
2024-09-29,10,288,6:00,Rainy,24,1,On,On,0.9157345266479981,46.31621037455126
2024-09-30,6,221,0:00,Sunny,25,1,On,On,3.0432589495932207,1.215693097039272
2024-10-07,6,240,10:00,Cloudy,28,3,Off,On,2.8281620964323166,1.0457924967738563
2024-10-08,10,155,23:00,Cloudy,21,5,Off,Off,0.5092204966858114,9.028304103301593
2024-10-09,7,196,23:30,Cloudy,26,2,On,On,2.612723938718212,12.308374748152668
2024-09-29,4,254,0:30,Cloudy,24,3,On,Off,0.7708025437976955,34.26408012500745
2024-10-05,5,280,10:00,Sunny,32,3,On,Off,3.6452722696729674,21.08312622528678
2024-09-23,5,293,5:00,Sunny,35,3,Off,On,2.1496808690790483,48.26548066305584
2024-09-24,8,71,6:00,Cloudy,29,1,Off,On,1.5449913441609675,39.224470624964354
2024-09-23,10,239,1:00,Rainy,17,4,Off,Off,0.7319953623759208,4.397514374166528
2024-10-12,3,157,13:00,Rainy,15,4,On,On,2.144873091967036,24.17290218241068
2024-10-01,4,211,14:00,Sunny,29,4,Off,On,0.7590013659287407,17.24159055282603
2024-09-21,10,113,9:00,Cloudy,22,2,Off,On,3.5890514959848847,0.07100206873012493
2024-10-07,3,134,3:00,Sunny,31,4,Off,Off,4.9231456621491585,22.948102581892115
2024-09-20,1,187,10:30,Sunny,29,4,On,On,3.2947611713245513,44.197930435613905
2024-10-05,7,72,13:30,Sunny,27,4,Off,Off,1.779135591849594,28.131590662378496
2024-10-04,10,189,8:00,Cloudy,23,2,Off,Off,1.990938029243361,34.7033237569216
2024-09-26,7,280,19:00,Rainy,21,1,On,On,2.8680567258676075,14.53410387188957
2024-10-11,3,283,11:00,Sunny,31,1,On,Off,4.848804114345666,34.78188754626564
2024-10-05,2,61,21:30,Cloudy,21,3,Off,On,2.1860697515128593,7.980029352443968
2024-10-15,4,61,18:00,Cloudy,21,3,On,On,2.0747132229343244,15.149969310781541
2024-10-07,8,156,19:30,Cloudy,25,1,Off,Off,2.256415387231764,5.220430931336139
2024-09-19,6,111,10:30,Cloudy,26,2,On,On,0.7258566180720696,42.400899268475065
2024-09-20,2,226,23:30,Sunny,32,5,On,On,1.0256191257989178,42.889740949213675
2024-10-02,1,54,1:00,Sunny,29,1,Off,Off,2.384222613029241,5.773140712931257
2024-09-22,3,237,7:30,Sunny,32,1,Off,On,1.5145756153596133,47.907741216355156
2024-10-03,5,66,6:00,Cloudy,23,2,On,Off,0.9463438997449789,3.2057780145895998
2024-09-27,2,276,6:00,Sunny,33,2,On,Off,3.5190916735856814,39.25190138836085
2024-10-15,8,98,23:30,Cloudy,25,3,On,Off,4.970509296198255,8.496384525373463
2024-10-14,1,290,15:30,Sunny,33,2,Off,Off,4.852207148452353,34.911948308350034
2024-09-26,6,168,8:30,Sunny,25,2,On,On,1.2136726063774939,13.580660893517427
2024-10-14,8,87,14:30,Sunny,32,5,On,On,1.085385782952972,31.598923928631585
2024-10-09,6,54,4:00,Cloudy,20,4,Off,On,1.4260202466794727,2.0443356517810374
2024-10-10,10,63,17:00,Sunny,25,4,Off,Off,3.473459720042948,30.257592455157422
2024-09-19,1,92,17:30,Cloudy,26,4,Off,On,3.445296842998718,0.8202311806498608
2024-10-06,5,74,19:00,Cloudy,26,2,On,Off,2.8510816462265187,47.198734273759015
2024-10-04,2,176,7:30,Rainy,16,5,Off,Off,3.268353875220623,42.59754706484134
2024-10-08,10,193,5:30,Rainy,17,4,On,Off,4.650010879625723,39.40214546007725
2024-10-10,8,62,13:30,Rainy,23,1,On,Off,2.293574792061376,9.444209213070115
2024-09-19,4,121,2:00,Cloudy,23,5,Off,Off,1.022936157585729,38.24766808084119
2024-09-30,1,198,1:30,Cloudy,20,3,On,On,3.2835096937568533,5.544310753325754
2024-09-30,6,186,0:30,Cloudy,28,4,Off,On,4.08148760362792,29.59728611381823
2024-10-14,8,188,17:30,Rainy,20,3,On,Off,2.330247267717672,40.02826914695286
2024-09-20,3,156,20:30,Sunny,31,2,Off,On,3.454213471598615,3.9507001803067823
2024-09-26,9,97,12:00,Cloudy,26,3,Off,On,3.242392108511603,16.71916757316178
2024-09-18,1,211,16:30,Cloudy,25,2,On,Off,2.181760162360729,22.026806368442514
2024-10-04,2,271,10:30,Rainy,24,3,Off,Off,4.718130099633052,28.136681661853522
2024-09-28,6,195,12:30,Sunny,34,1,On,Off,4.050905881221496,16.393177673926523
2024-10-17,5,152,4:00,Cloudy,28,3,On,On,3.0103992185805217,5.739122348334663
2024-10-16,10,55,19:30,Cloudy,27,1,Off,Off,4.010378327196768,8.477036834354045
2024-10-14,8,253,4:00,Sunny,30,5,Off,On,1.5680411242962566,47.20238431374303
2024-09-27,4,200,18:30,Cloudy,26,2,Off,On,4.195736408262684,27.119908678090148
2024-09-22,9,123,12:00,Rainy,18,4,On,On,3.3782735066486222,31.313323775849632
2024-10-10,4,205,13:30,Cloudy,20,2,Off,Off,4.681791063047276,3.927741567589804
2024-10-08,3,141,23:30,Cloudy,24,1,On,On,1.3317001231750583,23.56759237245873
2024-10-04,10,194,12:30,Cloudy,29,3,Off,Off,0.5469769429989273,22.243268396550786
2024-09-27,7,236,15:30,Cloudy,26,1,Off,Off,3.1676178844262934,19.730507824043315
2024-09-30,1,290,19:30,Rainy,21,3,Off,Off,2.1656279918167387,36.855962865314
2024-10-06,4,251,5:00,Sunny,27,4,Off,On,4.612105553974837,9.329998800184985
2024-10-05,5,52,21:00,Sunny,25,5,On,Off,1.5264506006439988,26.76254988017716
2024-09-30,6,270,17:30,Rainy,17,5,On,Off,1.8829614377245842,18.579856285508267
2024-10-12,10,103,7:00,Cloudy,28,2,On,On,3.9226894390279328,8.741377781687637
2024-10-11,2,234,20:00,Sunny,31,3,On,On,2.9329601422783953,21.533405659064712
2024-10-06,10,278,11:30,Sunny,28,1,Off,On,1.320399225081428,28.298839925785508
2024-10-01,6,220,10:00,Rainy,23,2,Off,On,2.6080494720947054,9.302754992593165
2024-10-06,10,180,20:00,Cloudy,28,4,Off,Off,0.9978041630848327,28.916501034375457
2024-10-06,8,265,6:00,Sunny,33,3,Off,On,4.177202339457725,48.00566860027905
2024-10-01,6,113,15:30,Cloudy,25,3,On,On,2.8946711247022026,7.598928991563225
2024-10-02,3,139,9:30,Cloudy,26,3,Off,On,2.74418011751699,21.46831858330008
2024-10-13,1,252,23:00,Sunny,35,4,Off,Off,4.874871148919329,39.25467872556461
2024-09-23,8,287,23:00,Cloudy,24,5,On,On,4.751805845668881,28.874336445641802
2024-10-07,9,136,3:30,Rainy,23,4,On,Off,3.5771515712651354,26.604978512719523
2024-10-08,1,274,12:30,Rainy,19,5,On,On,3.592797362108393,45.175733391702224
2024-09-21,10,283,11:00,Sunny,25,4,Off,Off,1.4170170442021335,30.50403560857023
2024-10-17,5,198,0:30,Cloudy,28,1,On,On,0.5954990869941008,40.76451088938809
2024-10-07,9,280,20:00,Rainy,21,1,Off,Off,4.981538964417687,40.436984210552716
2024-09-22,9,54,1:30,Sunny,28,1,On,On,0.822677587944318,0.47856101006220064
2024-09-26,10,199,13:30,Cloudy,26,4,Off,On,2.9644639884430615,9.6524351109042
2024-10-02,9,268,18:30,Cloudy,27,1,Off,Off,3.3624894276891872,9.730957752128077
2024-10-07,8,172,23:00,Cloudy,23,5,Off,On,3.2680049357302465,46.034815182256196
2024-10-03,10,125,6:30,Cloudy,22,2,Off,On,3.5222968087186013,4.5920002655259475
2024-10-15,8,134,10:00,Sunny,25,3,Off,On,4.376137537319707,19.9649611389033
2024-10-16,10,56,1:00,Cloudy,21,5,On,Off,2.09780123040675,35.77163254888466
2024-09-22,10,58,4:30,Cloudy,20,4,Off,Off,2.6721210519711214,28.50451896615031
2024-09-30,10,116,17:30,Cloudy,27,5,On,On,0.9160057529292169,23.578905787726335
2024-10-16,4,289,18:00,Sunny,30,5,Off,On,2.781462982339499,23.350057935551526
2024-09-24,9,262,9:00,Sunny,30,4,Off,Off,3.2941835877667622,16.897052943629536
2024-10-07,8,207,18:00,Rainy,21,1,On,On,1.3546138993625805,22.330013888380545
2024-10-03,8,145,3:30,Cloudy,28,2,On,On,2.4234735449594957,2.1834016567237824
2024-10-06,5,192,0:30,Sunny,33,3,Off,Off,0.5516607670788436,34.862306067753764
2024-10-08,1,154,14:00,Cloudy,27,2,On,On,4.428525945779754,9.311455886893766
2024-09-18,2,234,14:30,Rainy,18,1,On,On,3.0144638701389597,11.59291572190027
2024-10-12,10,251,4:30,Cloudy,27,2,Off,Off,0.8863626033870091,40.966884940030795
2024-09-26,3,82,13:30,Cloudy,21,2,Off,On,4.880430360729856,9.642105393850887
2024-10-06,6,187,16:00,Cloudy,21,5,Off,On,3.32091178156769,32.58435331013273
2024-10-16,4,251,22:00,Cloudy,21,3,On,On,2.385150142689336,13.796572616944825
2024-10-04,5,297,17:00,Sunny,26,4,Off,Off,4.114892510508195,22.622924247516817
2024-10-10,10,225,13:00,Rainy,18,2,On,Off,2.7303940157951287,29.48981861067213
2024-10-06,7,283,2:00,Rainy,16,4,Off,Off,0.908386499053367,49.72887325351494
2024-09-29,10,206,21:30,Rainy,19,2,On,On,0.5288284283368974,29.363849949526855
2024-10-09,1,88,18:30,Rainy,21,2,On,On,2.0727252017178803,43.19237372974107
2024-09-27,8,98,1:00,Cloudy,26,4,On,Off,1.5951558626251752,46.99008880162728
2024-10-13,8,251,11:30,Rainy,18,4,On,Off,3.839238501115033,23.223332051173827
2024-09-24,3,96,2:00,Rainy,23,1,On,Off,2.5285846644112646,29.89108723842438
2024-09-28,2,277,19:30,Sunny,35,1,Off,On,4.123300006746429,28.65359045228774
2024-09-23,8,51,0:30,Rainy,24,3,Off,Off,2.699936125566109,5.098406485153467
2024-10-11,4,154,9:00,Sunny,25,4,On,On,3.129425470335328,28.133175810369803
2024-10-08,10,84,6:00,Cloudy,26,1,On,Off,1.4071905825923468,43.63565952521552
2024-10-01,6,146,11:30,Rainy,15,1,On,On,0.5286487584466917,23.959753520110404
2024-10-06,4,60,2:00,Cloudy,26,4,Off,On,2.786515411354923,49.083502995448505
2024-09-27,4,235,16:00,Sunny,29,2,Off,On,3.8115790175482607,29.840562949912385
2024-10-17,3,178,22:00,Cloudy,20,3,On,Off,1.1747831822074402,23.272542737077885
2024-09-26,5,255,19:30,Rainy,18,1,Off,On,4.669730251849373,25.390061258460367
2024-09-22,10,216,15:30,Cloudy,27,2,On,On,2.5780264085398557,33.413883691608994
2024-09-25,6,127,22:30,Sunny,33,4,On,Off,2.1684433847474733,20.19109223155999
2024-10-05,10,234,3:00,Rainy,20,4,On,On,3.9264279251498797,48.480175213114094
2024-10-05,10,279,4:30,Sunny,31,1,Off,On,0.9342129833968469,11.291021268875523
2024-10-03,9,272,12:30,Sunny,32,3,Off,Off,4.2601241766430675,37.86549490840345
2024-10-04,6,292,0:30,Rainy,15,1,Off,On,1.8227032327590136,15.488625448189886
2024-10-14,2,119,3:00,Rainy,23,3,On,On,3.4175405871633284,34.3864193133732
2024-09-25,10,84,14:00,Rainy,23,1,On,Off,2.7099159872817804,39.71869765014387
2024-09-26,10,254,10:30,Sunny,35,3,Off,On,3.6773199698437478,9.008727633107084
2024-10-12,9,291,15:00,Sunny,35,2,Off,On,2.8423441412548613,6.54293933926291
2024-09-26,6,118,2:30,Rainy,16,3,On,On,3.7556764312100475,8.851299209167612
2024-09-20,4,258,0:30,Cloudy,24,5,On,Off,4.656539965187509,28.665047388495164
2024-09-24,8,296,0:30,Sunny,31,3,Off,Off,1.1947704337584908,29.553123079243182
2024-10-03,3,275,7:00,Sunny,28,3,Off,Off,2.7551857968590587,10.877539504372418
2024-09-20,7,239,15:00,Cloudy,21,2,Off,Off,3.1952830038167703,12.683974354882588
2024-10-04,10,289,19:30,Cloudy,28,1,Off,On,4.567658441929022,10.83537880695325
2024-10-06,2,83,0:30,Cloudy,20,4,On,On,1.9390624477067715,45.67130470234617
2024-10-03,6,294,14:30,Cloudy,21,2,On,Off,3.6622396363163467,28.909434660751366
2024-09-19,1,147,1:00,Rainy,17,5,Off,On,2.202701706238792,11.99454842890405
2024-09-29,8,187,21:00,Sunny,27,3,Off,Off,4.961984388385088,41.60884828494519
2024-10-06,10,206,17:30,Cloudy,27,2,Off,Off,3.9645767264148577,28.445929855645495
2024-10-10,9,213,12:00,Rainy,18,2,On,On,2.7173227252614187,43.643278347646906
2024-09-29,5,201,3:00,Rainy,24,1,On,Off,0.9639896444248204,30.358712601259292
2024-09-21,9,198,13:00,Rainy,21,1,On,Off,3.133965319888656,14.172480791132758
2024-10-04,7,120,5:00,Rainy,16,3,On,On,1.031083771764874,2.771114663140628
2024-10-17,7,58,17:30,Sunny,29,5,On,Off,4.692153162102308,41.838310935603566
2024-09-21,6,83,7:30,Sunny,30,4,Off,On,2.4201960983730926,33.99152473234637
2024-09-23,8,108,18:00,Cloudy,27,4,Off,Off,3.792578257123923,8.231160979686392
2024-09-26,9,267,9:00,Rainy,23,5,Off,Off,3.0033901547874478,21.716584568116282
2024-09-29,5,110,19:30,Cloudy,27,5,Off,Off,4.416855598135967,27.385890557459508
2024-10-06,1,84,17:30,Sunny,28,4,Off,Off,3.508568282485009,23.83721836227229
2024-10-01,4,145,21:00,Sunny,29,4,Off,Off,4.664776506705211,44.0302666191235
2024-10-07,5,75,6:00,Cloudy,28,4,On,On,2.472601160844323,43.602779423596424
2024-09-24,5,204,22:00,Sunny,28,3,On,Off,3.310089846156927,15.790012582252643
2024-10-01,10,135,0:00,Rainy,20,5,Off,Off,1.931040445342435,49.516597998044446
2024-10-01,3,142,4:00,Sunny,28,4,On,Off,1.8831538350412935,33.45777063205768
2024-09-22,3,58,4:30,Sunny,28,1,Off,Off,2.709287020176281,6.70960586430141
2024-09-28,9,215,22:30,Cloudy,20,1,Off,On,3.75726996608682,21.509895939900964
2024-09-23,1,198,5:30,Cloudy,29,3,On,Off,4.130160120499332,24.198579444323247
2024-09-20,1,294,23:30,Rainy,15,1,On,Off,4.210045672692514,9.41578155419292
2024-09-21,1,88,0:00,Rainy,23,3,Off,On,1.79978357104075,46.714828558372986
2024-10-04,3,121,20:00,Sunny,31,5,On,Off,2.88918161088557,45.02972590332801
2024-10-11,1,242,4:30,Sunny,31,5,Off,On,3.7566279210560083,43.67271106460899
2024-10-08,10,185,2:30,Cloudy,26,3,Off,Off,3.0148963899158256,45.680119089093054
2024-09-28,7,123,21:30,Rainy,17,5,Off,Off,2.3597578459866524,26.24405934426276
2024-09-23,8,120,15:00,Cloudy,29,5,On,Off,4.447043911863105,28.916410189492503
2024-09-30,10,108,2:00,Sunny,31,3,Off,On,4.7572895532567365,37.417142686223656
2024-10-03,3,215,15:30,Sunny,31,4,Off,Off,4.493930464103737,48.26800859175771
2024-09-22,4,188,7:30,Sunny,29,3,On,Off,3.7670813096444973,23.255853062329518
2024-09-27,4,276,0:00,Cloudy,27,1,On,Off,4.7987235826947146,14.05169070559385
2024-10-01,7,97,6:00,Rainy,17,2,On,On,0.6422744561974169,42.74575309355291
2024-09-30,10,225,1:30,Cloudy,22,5,On,Off,1.0460454912271526,11.876711298857295
2024-10-14,6,241,21:00,Cloudy,27,1,On,On,1.2028085873571057,4.985904377025557
2024-10-07,9,287,15:00,Rainy,21,2,On,Off,2.582413468823996,19.62520154044031
2024-10-12,3,277,0:00,Cloudy,20,5,On,Off,1.0341402322478839,25.266483096084087
2024-09-23,1,260,2:30,Rainy,17,1,On,Off,4.524146972041718,45.64820379308362
2024-10-03,8,53,0:00,Cloudy,20,3,Off,On,0.9360721285733022,2.983809912179219
2024-10-04,4,73,23:00,Sunny,31,5,Off,On,2.500904387963037,2.7535402670725184
2024-09-21,1,108,7:30,Sunny,25,3,On,On,4.21490694299273,17.937205138876873
2024-10-09,8,197,0:30,Sunny,28,2,On,Off,3.492139461565827,37.99320965813752
2024-10-06,9,251,5:30,Cloudy,22,1,Off,On,4.980592461062712,39.35281150220981
2024-10-16,1,57,17:30,Sunny,31,5,Off,Off,4.6289661968932725,30.859431208440764
2024-09-20,5,220,2:30,Rainy,23,2,Off,Off,0.8936443477732173,23.2881924314388
2024-09-26,3,253,18:30,Cloudy,21,4,On,Off,3.897751808902177,22.780079122987267
2024-09-27,9,240,16:00,Rainy,16,3,Off,On,1.6646498041136244,15.84731954008529
2024-09-27,2,201,22:00,Cloudy,28,2,Off,Off,2.1765292583449347,26.592859465670216
2024-10-14,4,273,20:30,Rainy,24,1,Off,Off,1.2506006472977271,15.282672677223086
2024-10-04,7,114,23:00,Rainy,15,2,On,Off,3.373859579393456,47.2907006536428
2024-09-19,3,215,17:30,Sunny,30,1,On,Off,2.2676822440379927,42.467596818427786
2024-09-27,8,160,8:00,Rainy,18,1,On,Off,0.8569337136672479,29.082140420355678
2024-10-10,9,283,3:00,Cloudy,21,2,On,On,2.564170487017712,23.956613912368024
2024-09-18,6,76,23:30,Rainy,24,5,Off,Off,2.867212322769025,35.989423889579584
2024-10-10,2,102,12:00,Rainy,15,1,On,On,1.446620809007637,22.493566775598563
2024-09-19,7,294,14:30,Cloudy,24,5,On,On,3.4610315239736127,44.3399272058886
2024-10-03,6,234,9:00,Cloudy,24,5,On,On,4.414659639611331,13.121374455931424
2024-10-07,5,164,19:00,Sunny,35,5,Off,On,1.837377991677776,0.15316168683296993
2024-09-30,4,189,11:00,Cloudy,25,4,Off,Off,4.483450242866136,14.18051453594959
2024-10-06,3,91,0:00,Cloudy,22,4,Off,On,2.717059512324633,14.952554493107357
2024-10-12,3,161,21:30,Rainy,24,3,Off,On,4.55845084175912,24.90005428754766
2024-10-12,1,126,23:00,Cloudy,21,3,On,Off,0.9219102104314705,1.9646654417972198
2024-10-10,7,88,2:00,Sunny,26,1,On,Off,4.214915182137835,3.8918158643720724
2024-10-10,3,109,23:30,Sunny,25,5,On,Off,0.5186605022953926,23.20465459250107
2024-09-30,9,180,9:00,Cloudy,21,2,Off,Off,1.2116794358226228,16.00127776076598
2024-10-05,5,291,5:30,Rainy,20,1,Off,Off,2.523431204824439,28.184212182508812
2024-09-24,1,296,10:00,Sunny,25,5,On,On,2.2816432681975862,45.314773116807324
2024-09-23,4,161,6:30,Cloudy,29,1,On,On,1.101521224914164,1.2516724864690798
2024-10-04,5,240,5:30,Cloudy,26,1,On,Off,3.4274885012220975,34.546878181712714
2024-10-06,6,161,20:00,Cloudy,26,4,On,Off,1.530487889829705,32.156378521960185
2024-10-07,3,191,7:00,Rainy,21,1,Off,On,4.350279355088914,8.747935816360929
2024-09-26,6,242,23:00,Rainy,23,2,Off,Off,2.042828143719456,14.244449977213714
2024-10-14,8,298,9:00,Sunny,33,4,Off,Off,4.856492588382602,43.04271239367522
2024-09-24,3,223,1:00,Cloudy,23,5,On,Off,3.5864849045186498,32.63532705346307
2024-09-19,2,247,16:00,Cloudy,24,4,On,On,1.3845572759712401,38.750860162482084
2024-10-01,4,87,2:30,Cloudy,20,2,Off,Off,1.4379633732714954,48.00557870750164
2024-09-20,10,286,2:30,Rainy,21,4,Off,On,1.6081126488572968,15.660964292269103
2024-09-23,6,274,2:30,Rainy,18,1,On,On,4.898740999510352,19.156779295977984
2024-10-14,1,64,6:00,Sunny,34,4,On,Off,2.4604498171416997,1.4673992227778876
2024-09-22,3,232,12:30,Sunny,29,5,Off,Off,2.170865710272082,40.50139125117053
2024-09-20,4,85,2:30,Cloudy,22,2,Off,Off,0.8492329898746176,24.900125989371823
2024-10-06,2,248,22:00,Sunny,31,1,Off,Off,3.9001657577647197,4.66640411461875
2024-09-18,10,190,4:00,Sunny,26,1,Off,On,4.272275192630586,27.053715530960016
2024-10-10,4,235,19:30,Sunny,27,5,On,On,3.1693588382495483,17.972585966998018
2024-09-30,8,247,4:00,Cloudy,27,4,On,Off,3.415545192831173,33.44869673455059
2024-09-30,6,299,7:30,Rainy,18,4,Off,On,2.38697984894859,23.08773232699443
2024-09-20,4,152,8:30,Rainy,18,1,On,Off,4.736794242985758,26.478790715533272
2024-10-01,1,99,6:30,Rainy,16,1,On,Off,4.984187257667126,16.620657483571026
2024-10-12,7,114,2:00,Rainy,23,4,On,Off,0.6300210004436688,47.23844511429795
2024-10-06,5,80,22:00,Sunny,29,5,On,Off,4.509859163495138,14.03047222812982
2024-09-30,5,127,7:30,Rainy,19,5,Off,Off,2.254778202938791,3.8844881944450735
2024-09-18,8,143,14:00,Sunny,31,2,On,On,4.900369000159011,13.574936036681
2024-10-01,8,243,2:00,Rainy,16,2,On,On,2.185240607300195,0.8555497170784909
2024-10-14,4,109,12:00,Cloudy,29,1,Off,Off,2.417839680090059,3.754195573366814
2024-09-26,6,81,0:00,Cloudy,25,3,Off,On,0.9508321568822916,32.35055298972188
2024-10-07,6,282,21:30,Rainy,24,2,On,Off,0.817746752477462,1.7989935714703753
2024-09-22,1,140,3:00,Rainy,18,3,On,Off,1.0505381302260204,28.958859603568047
2024-09-30,4,132,8:00,Sunny,32,4,Off,On,0.6126692209544766,28.397609386855077
2024-10-04,5,245,11:00,Rainy,17,1,Off,Off,2.887205442890119,38.322380586824046
2024-10-05,3,269,3:00,Sunny,26,5,On,On,4.6443135588767035,1.4804635710373493
2024-09-20,1,166,17:00,Sunny,25,4,Off,On,1.7387370365507742,6.963439219355888
2024-10-09,1,85,22:00,Rainy,23,4,Off,On,2.3994609712987187,8.882087425675046
2024-09-30,5,260,22:30,Cloudy,24,5,Off,Off,3.863420585537749,30.871041001474314
2024-10-09,8,279,8:30,Rainy,17,3,Off,Off,3.145596017917311,37.42785902878995
2024-09-27,8,125,4:00,Sunny,26,1,Off,On,3.4289668073502835,30.660015015322212
2024-10-08,8,217,6:30,Sunny,27,2,Off,Off,1.7290069255285396,5.675417661691262
2024-10-09,4,216,2:00,Rainy,21,2,On,On,1.1276846644592426,16.698455596698835
2024-10-13,2,106,19:30,Rainy,15,1,On,Off,3.9632530047942645,15.413592605271925
2024-09-20,3,115,9:30,Rainy,16,3,Off,Off,0.57600793797323,25.069246567084708
2024-09-28,2,66,18:00,Rainy,22,5,Off,Off,3.241560099364199,17.695337421802904
2024-10-09,10,82,5:00,Rainy,18,5,Off,On,0.9932920471906382,27.564068400663178
2024-10-17,1,169,21:30,Sunny,29,2,On,On,4.551389339501257,8.407041417184224
2024-09-19,6,92,11:30,Rainy,17,5,Off,Off,2.2461833594782554,22.293562999959764
2024-10-15,10,251,16:30,Sunny,27,2,Off,Off,1.7515045247910932,32.461150109482844
2024-10-03,5,253,10:30,Cloudy,20,2,On,Off,3.73384516978565,34.65620283845786
2024-10-02,3,256,10:30,Rainy,22,2,Off,Off,4.921455079278019,26.442573343363172
2024-10-02,1,161,2:30,Cloudy,29,5,On,Off,4.299128924601042,43.06808308915757
2024-09-18,6,165,18:00,Cloudy,25,3,Off,Off,3.085352152048742,24.754673289334555
2024-09-18,2,64,9:30,Rainy,18,4,On,Off,0.9233255258002339,8.771855589059113
2024-10-14,5,132,22:30,Sunny,29,3,Off,On,2.629990821150441,20.36896197563638
2024-10-12,2,56,4:00,Sunny,29,5,On,On,4.490912149559364,9.455724556413948
2024-10-02,6,221,1:00,Sunny,33,3,On,On,3.329863830154783,47.989469422351426
2024-10-16,2,58,21:00,Sunny,35,2,On,Off,3.2322377766056802,18.617655283033425
2024-10-16,3,299,8:00,Rainy,19,5,On,On,3.0502036223626927,3.49337038133139
2024-10-01,1,212,15:00,Cloudy,29,2,Off,Off,1.7398687430070625,11.837067956270598
2024-09-24,8,114,1:30,Sunny,32,1,Off,Off,0.7700704351445555,9.969702465699603
2024-10-10,4,167,21:00,Rainy,19,3,On,On,4.8354274172628955,25.12304211905193
2024-10-15,9,83,16:30,Sunny,32,2,On,On,4.657796049131565,27.291700960152205
2024-09-22,1,238,2:00,Cloudy,21,1,On,On,1.729303992749429,20.678461985187152
2024-10-13,1,227,14:30,Cloudy,22,4,On,On,2.973017385978486,41.56699027195752
2024-10-10,5,123,17:00,Rainy,15,2,On,Off,3.7869824432424535,46.49787861336067
2024-09-28,3,142,12:30,Rainy,24,4,On,On,1.499721598961465,1.7890727402284534
2024-09-29,6,125,6:30,Rainy,15,2,On,Off,0.7351938435915826,14.55208043721844
2024-09-25,1,165,15:30,Cloudy,20,4,On,On,1.9301254223034652,20.699715784913142
2024-09-30,6,72,8:00,Cloudy,27,1,On,Off,1.9876104880286465,48.32208968539125
2024-10-05,6,203,21:30,Cloudy,27,1,Off,On,1.4097659321385048,21.618745451633032
2024-09-30,1,255,1:00,Cloudy,22,3,Off,Off,1.7010013506976176,1.9824823415432846
2024-10-17,7,196,19:30,Sunny,29,1,On,Off,4.641521252577779,29.46408168336664
2024-09-25,4,290,22:00,Sunny,33,2,Off,On,2.438225949685457,4.185502876220049
2024-10-06,8,150,11:30,Rainy,16,3,On,On,3.1805299065030765,20.636713251985768
2024-10-07,1,288,13:00,Cloudy,22,1,Off,Off,3.0159042900700874,18.410493691039896
2024-10-07,3,106,14:30,Cloudy,21,4,Off,On,2.693907814336771,23.040457074217112
2024-10-01,4,294,12:30,Sunny,25,4,Off,On,2.736552852598451,42.647517916013456
2024-09-20,8,62,12:00,Sunny,25,1,On,On,3.6275761981921884,13.309502422026403
2024-09-25,1,230,16:30,Rainy,16,1,On,Off,2.1768773306101874,47.62851493067412
2024-09-23,7,147,7:00,Cloudy,29,1,On,Off,1.356139577885932,11.25154205785165
2024-09-20,1,281,9:30,Rainy,15,1,Off,On,1.7073115029714945,8.913944949221687
2024-10-17,1,242,3:30,Sunny,35,5,Off,Off,3.216055649853364,41.391462789054536
2024-09-25,5,216,5:30,Cloudy,20,4,On,On,4.171709086607096,47.26815783122485
2024-10-04,2,280,8:30,Rainy,23,1,Off,Off,4.156569833994872,7.7794449763225915
2024-09-18,4,185,4:00,Cloudy,24,4,On,Off,1.1451796201034643,33.40878567398563
2024-10-07,5,166,10:00,Rainy,21,5,On,Off,2.103234295330009,31.887361184436013
2024-10-03,2,50,19:30,Sunny,32,1,On,Off,3.54837082867999,4.278025160840432
2024-09-19,8,280,7:00,Sunny,33,4,Off,Off,3.4175830397804745,40.27372753611749
2024-09-21,6,239,3:30,Rainy,24,1,On,Off,3.183589325954424,48.65275868721454
2024-09-24,4,264,5:30,Sunny,29,4,Off,On,1.5011882940097916,32.29791838330015
2024-10-06,3,209,14:30,Cloudy,23,2,On,On,4.219768076356866,34.71402385084736
2024-10-16,6,284,13:00,Rainy,24,5,Off,On,1.8348170419130168,36.93273683869964
2024-10-12,2,108,2:30,Rainy,18,1,Off,Off,2.9151050465921005,26.73438912847596
2024-09-19,7,251,21:00,Cloudy,28,4,Off,On,1.654513035376172,42.140536163348855
2024-09-21,7,175,16:00,Rainy,15,5,On,On,4.853337460932086,28.858236446023692
2024-09-22,10,71,9:30,Cloudy,25,1,Off,Off,2.7822980987704775,36.957875524282436
2024-10-01,8,296,19:30,Rainy,16,2,Off,Off,3.6612198345924236,24.151288313454245
2024-10-16,9,134,22:30,Rainy,18,3,Off,On,2.303325348381735,41.13685460422615
2024-10-11,10,136,0:00,Cloudy,22,4,Off,Off,1.2501691425703891,2.3502814171353528
2024-09-26,1,116,9:00,Rainy,24,4,Off,On,3.816228846636186,37.73257009751419
2024-10-17,8,156,6:00,Cloudy,22,3,On,On,4.821945445121115,9.134310862477458
2024-09-22,1,284,14:30,Rainy,18,5,On,Off,3.241286520908516,2.847260718835143
2024-10-17,10,137,3:30,Cloudy,24,1,Off,On,4.572196847632722,18.400588000511288
2024-10-04,3,191,19:00,Rainy,21,1,Off,On,1.9736677021955193,41.26517380854225
2024-10-07,10,73,5:00,Cloudy,27,4,On,On,1.052213575830748,49.360299442011836
2024-10-09,8,163,6:30,Sunny,25,2,On,On,2.9992033213146536,39.41360591111578
2024-09-25,8,222,23:30,Rainy,20,2,On,Off,2.142375686384316,25.11401671749724
2024-10-12,7,136,5:00,Cloudy,20,3,Off,Off,2.379568746802172,14.856397089462531
2024-10-14,8,206,2:30,Rainy,21,2,On,Off,4.042792639417421,2.01700110128174
2024-09-29,5,246,13:30,Cloudy,24,2,Off,On,0.5762682455412003,4.086495688355107
2024-10-02,1,112,5:00,Cloudy,24,2,On,Off,1.3035701287071584,43.51100518336534
2024-09-18,9,57,2:00,Rainy,16,1,Off,Off,0.7529388261596479,22.00330928416916
2024-10-11,7,172,3:30,Rainy,19,4,Off,On,0.6979863314093413,31.920093487767765
2024-09-18,4,133,6:30,Sunny,27,5,On,Off,1.719494980024693,49.6973044191078
2024-10-01,1,223,9:30,Rainy,21,5,On,Off,2.530516158133211,44.133246033631515
2024-10-16,4,86,9:00,Sunny,32,1,Off,On,0.614187142660698,13.38249374851414
2024-10-02,6,115,20:00,Rainy,17,5,On,On,2.878244542594433,8.303369072100985
2024-09-19,9,204,5:30,Sunny,27,5,On,On,4.068047738194743,48.07309253077965
2024-09-27,1,231,4:30,Rainy,22,1,On,On,4.545925942687946,20.533314054350416
2024-09-30,9,103,15:00,Rainy,24,2,On,On,1.8226734882375224,10.099854964364068
2024-09-22,2,66,4:30,Cloudy,22,3,Off,Off,0.8173675918722426,26.500873372050005
2024-10-05,8,207,13:00,Sunny,26,3,On,Off,0.6812353801908346,19.762057777543912
2024-10-10,8,148,21:30,Rainy,22,2,Off,Off,1.886786500896506,30.772066153886556
2024-10-05,4,130,5:30,Rainy,24,3,On,On,3.640146467585056,31.09200771791782
2024-09-22,3,103,15:30,Rainy,22,2,Off,Off,4.459770232631205,37.62264345920327
2024-10-11,8,106,17:00,Rainy,21,2,Off,On,1.0396022205163047,43.407564160692175
2024-10-04,6,102,23:30,Rainy,18,5,Off,Off,4.301569975540296,3.7369778479902305
2024-10-05,3,104,9:00,Sunny,30,2,On,On,0.5386120392910467,33.122507284557564
2024-10-17,6,252,9:30,Cloudy,28,3,On,On,4.4193820531318035,48.5353961301458
2024-10-02,4,148,1:30,Sunny,35,5,On,Off,4.202538603366854,27.08106636194792
2024-10-13,4,299,8:00,Cloudy,21,1,Off,Off,2.0241373974109567,47.772967298395905
2024-10-15,4,165,20:00,Sunny,34,1,On,On,1.270879352121969,35.54248263149724
2024-10-03,10,130,17:00,Rainy,20,2,On,Off,1.6020299388237422,18.269609533288612
2024-09-21,4,293,10:30,Cloudy,21,3,Off,Off,1.7814943363712177,38.05583912387133
2024-10-08,3,216,19:00,Rainy,24,5,On,Off,4.645879004625914,19.675652258142858
2024-09-28,10,75,4:30,Sunny,28,1,On,Off,2.4683748817162705,27.346130443465288
2024-09-20,9,163,21:00,Cloudy,25,4,On,On,4.8753977988370325,43.81892861058698
2024-10-11,8,278,13:00,Rainy,20,5,Off,On,3.2991916031750788,45.45417607553646
2024-09-28,2,280,21:30,Rainy,20,3,On,Off,2.5888177256468055,18.173698461520015
2024-09-21,10,96,21:30,Rainy,16,3,Off,On,4.619720398867102,4.000070157827795
2024-09-24,4,231,1:00,Cloudy,29,1,On,On,1.5156395066332786,26.292570383088687
2024-09-29,10,261,13:30,Rainy,21,2,Off,On,2.9230290592274875,28.477109421964798
2024-09-21,10,184,9:30,Cloudy,29,4,Off,On,4.114655566228441,17.741598631844212
2024-10-14,3,162,6:00,Cloudy,28,2,On,Off,1.9468822761196516,12.166553879829772
2024-10-01,6,192,8:00,Cloudy,20,3,Off,On,2.808060578424647,30.59263445418876
2024-09-19,4,82,8:30,Rainy,24,4,On,Off,3.470012514964402,18.523095825101333
2024-09-18,3,202,3:00,Rainy,20,1,On,On,4.891213233804885,37.23848179583696
2024-09-24,8,110,8:30,Rainy,24,4,On,On,3.2423833032332636,8.290573044058963
2024-10-14,1,101,12:30,Cloudy,26,1,On,On,1.749568950864782,7.197168503212198
2024-10-11,9,283,7:00,Sunny,28,1,Off,On,4.360591052588107,31.198306114488012
2024-09-26,6,281,5:30,Cloudy,26,2,On,On,3.0034356674055025,24.7469439337945
2024-09-23,10,63,14:30,Sunny,35,4,Off,On,3.1834164354474574,26.953293062082828
2024-10-09,10,248,21:30,Cloudy,29,1,Off,Off,0.5285891916893241,5.943747100696372
2024-09-19,1,68,10:00,Cloudy,21,3,Off,On,4.415554295910256,34.25622396487594
2024-10-14,8,119,10:00,Cloudy,22,3,Off,Off,0.8036164249994331,17.665749558709038
2024-10-11,7,147,5:00,Cloudy,23,5,On,On,1.1940950535415595,15.089238373387731
2024-09-23,5,80,9:30,Rainy,23,1,Off,On,1.842222323509001,19.294696151345438
2024-10-07,6,272,21:00,Sunny,27,1,On,Off,3.2944338718857336,37.9221532424182
2024-10-16,5,280,12:30,Cloudy,27,3,On,Off,0.8687188876652137,6.082236329822077
2024-10-16,7,123,1:00,Cloudy,20,2,Off,Off,1.7888911667787921,24.7563790635283
2024-09-30,8,89,22:30,Rainy,22,5,On,Off,1.200780285384023,4.486547330698337
2024-09-28,2,100,16:00,Rainy,19,3,Off,Off,2.259875201621635,20.88222790908261
2024-09-29,5,260,2:30,Sunny,32,4,Off,Off,1.4891704662826228,0.791801435692685
2024-09-22,3,269,23:00,Rainy,21,2,On,Off,3.4834815071385,41.48823401317365
2024-09-24,5,296,15:00,Sunny,32,4,On,On,1.280458557051978,34.51678404252036
2024-09-21,5,141,2:00,Sunny,30,3,On,Off,1.098954255701765,21.812372531314523
2024-09-28,7,112,22:30,Rainy,16,2,Off,On,3.24827680392535,19.14658214427034
2024-09-20,1,64,14:30,Rainy,21,3,Off,Off,4.739584869970106,46.734897617444325
2024-09-28,2,227,12:00,Rainy,20,3,Off,Off,4.940419025666609,4.311620869442601
2024-09-26,1,231,21:00,Rainy,24,1,Off,Off,4.957920784854448,48.63188714206624
2024-10-01,5,240,10:30,Sunny,30,2,On,Off,1.80776505084108,34.75638932567592
2024-10-15,10,247,6:30,Sunny,30,5,Off,Off,1.9058698007599641,30.110146812426127
2024-10-14,3,262,2:30,Rainy,20,1,On,Off,0.8326193760367673,31.768083022015052
2024-10-10,6,262,13:30,Rainy,15,5,Off,Off,0.918791565042274,43.295009997447664
2024-09-23,9,277,3:30,Rainy,17,5,Off,Off,4.218699952956049,5.154655526873358
2024-10-12,10,85,11:00,Sunny,30,5,Off,Off,0.8917877599867698,35.06551843260768
2024-10-17,9,82,1:30,Rainy,23,1,Off,Off,1.9971433865996402,33.34124557728854
2024-09-29,9,159,12:30,Rainy,23,4,On,Off,1.7979454730217213,0.2833017673258664
2024-10-01,5,126,12:30,Sunny,29,2,Off,On,4.6303300389638515,25.968828927257558
2024-09-23,9,163,5:00,Cloudy,25,4,Off,Off,1.353529463748964,24.493589266268245
2024-09-22,5,263,19:30,Rainy,24,3,Off,On,4.16044100232165,46.02079884511778
2024-09-18,1,262,21:30,Cloudy,27,1,On,Off,1.2822447809364874,2.590452593497794
2024-10-12,3,92,1:00,Cloudy,23,5,On,On,1.403033882667569,1.599194707112761
2024-10-08,5,78,1:00,Rainy,19,1,Off,Off,1.4284003363770876,25.312705429549325
2024-10-13,5,257,0:00,Cloudy,27,1,On,Off,1.2639117422013566,34.400298094828635
2024-10-03,2,259,0:30,Rainy,24,2,Off,On,4.539732931569751,0.20502577342064177
2024-10-17,5,230,11:00,Rainy,15,1,On,Off,4.995550667638876,29.972785796654396
2024-10-14,4,112,2:30,Sunny,30,4,Off,On,2.4222342441105678,0.7995283170776635
2024-10-10,2,224,9:00,Rainy,21,1,Off,On,4.225547986734318,46.55898937522039
2024-10-14,1,231,17:30,Cloudy,20,4,On,On,4.699866145166853,1.2103655347242448
2024-10-05,10,107,2:00,Cloudy,27,4,On,On,3.927110441941362,5.852921856702786
2024-10-17,8,143,8:00,Cloudy,22,2,Off,On,3.260642658279753,30.553526003560062
2024-09-24,3,244,21:30,Sunny,27,2,On,Off,2.476247913144415,1.8975280460691246
2024-10-07,2,158,21:00,Cloudy,28,1,Off,Off,1.8164807728988999,5.982248131464435
